Recency,Frequency,Monetary,Cluster_4
2,7,4310.0,0
75,4,1797.24,1
19,1,1757.55,1
310,1,334.40000000000003,3
36,11,1545.41,0
204,1,89.0,3
232,1,1079.4,3
214,1,459.4,3
23,3,2811.43,0
33,1,6207.67,0
2,2,1168.06,1
8,6,6245.53,0
52,3,2662.06,0
287,1,189.9,3
3,13,5154.58,2
110,2,552.0,1
8,4,1313.1,1
291,3,320.69,3
4,1,168.9,1
51,4,3545.69,0
45,2,1887.96,1
72,3,1298.04,1
311,1,364.6,3
25,1,742.9300000000001,1
3,3,455.42,1
315,2,1628.12,3
130,1,4008.62,0
82,3,850.29,1
22,5,2720.56,0
5,6,1803.96,0
185,6,1839.31,3
29,3,566.16,1
338,2,401.9,3
16,6,2780.6600000000003,0
80,1,549.84,1
22,1,460.89,1
72,4,1582.6,1
64,2,1272.48,1
16,15,2998.28,0
36,2,2409.9,1
46,1,1635.66,1
119,4,1108.65,1
303,1,84.3,3
323,1,225.6,3
50,2,409.7,1
149,1,1710.39,1
22,3,3280.75,0
50,5,1708.12,1
33,9,2842.57,0
79,7,11056.93,2
301,3,681.08,3
75,3,1226.88,1
67,5,694.15,1
217,3,562.4100000000001,3
3,12,3578.8,0
113,1,668.58,1
64,1,600.39,1
16,5,806.27,1
96,3,803.5600000000001,1
1,9,1849.11,0
163,2,1760.96,3
78,1,777.2,1
195,1,582.73,3
12,5,708.37,1
26,12,7877.2,2
9,4,3750.4,0
43,1,256.4,1
36,18,6416.39,2
43,5,5059.32,0
85,4,765.19,1
80,2,7829.89,0
100,1,509.01,1
2,19,4896.66,2
14,2,2906.85,0
367,1,173.55,3
3,1,172.06,1
21,5,5005.46,0
22,1,133.4,1
58,1,1002.31,1
243,1,476.49,3
44,1,449.45,1
22,4,4067.29,0
156,2,197.88,3
11,6,8933.52,2
17,3,428.5700000000001,1
134,1,707.09,1
73,6,2466.86,0
44,4,3153.89,0
58,12,1917.78,0
71,2,947.4,1
94,2,826.88,1
2,4,1124.01,1
46,7,1303.63,0
10,8,1212.05,0
8,3,733.89,1
143,3,724.04,1
31,13,6229.4800000000005,2
29,9,2848.23,0
17,30,7116.47,2
54,1,723.38,1
1,20,6546.58,2
4,1,680.99,1
4,3,477.3,1
28,4,3281.63,0
23,11,5590.86,2
17,13,2327.13,0
33,8,4495.27,0
10,3,1298.66,1
336,1,334.93,3
5,10,5417.93,0
39,1,460.4,1
63,2,263.21000000000004,1
166,3,416.79,3
10,13,1139.35,0
82,1,1043.1,1
21,3,403.7000000000001,1
23,13,4206.27,0
315,2,2089.68,3
96,5,3723.87,0
18,4,114.0,1
233,1,73.5,3
134,4,1258.06,1
26,2,398.27,1
284,1,176.5,3
143,2,982.57,1
66,2,138.03,1
85,2,586.79,1
267,1,1017.68,3
353,1,383.7,3
78,2,1312.06,1
28,6,2464.89,0
1,5,2056.89,0
64,1,340.84000000000003,1
79,6,2582.51,0
143,1,599.68,1
39,2,192.72,1
2,13,1745.57,0
9,8,4485.72,0
1,3,1316.66,1
82,3,348.71000000000004,1
9,8,1922.28,0
60,5,1623.63,1
15,1,125.22,1
30,1,349.83000000000004,1
131,1,1089.18,1
92,2,716.35,1
8,5,4106.82,0
29,1,363.95,1
22,5,3852.5,0
30,3,981.18,1
30,2,355.7,1
75,2,1000.39,1
47,3,1141.5,1
198,2,207.8,3
166,1,95.2,3
79,1,964.83,1
358,1,168.0,3
39,2,437.82,1
8,14,3652.25,0
50,2,603.71,1
311,3,536.21,3
5,4,2101.39,0
303,1,238.85,3
8,7,3781.74,0
261,1,456.9,3
282,2,131.17000000000002,3
73,2,346.7,1
23,11,9114.94,2
2,35,4064.99,2
40,2,519.61,1
9,3,1004.72,1
227,1,160.54000000000002,3
316,1,218.45,3
36,6,1306.98,1
35,4,595.4,1
21,4,2753.36,0
73,3,410.72,1
247,1,415.7,3
40,1,197.71,1
239,2,511.36,3
3,18,7187.34,2
4,18,1893.95,0
234,4,1982.81,3
17,2,179.94000000000003,1
8,1,144.0,1
39,1,214.9,1
29,2,646.68,1
190,3,9861.38,2
317,1,452.85,3
92,2,437.6,1
109,3,418.1,1
38,11,3320.2200000000003,0
51,2,618.27,1
19,5,3683.13,0
10,9,3002.68,0
29,7,1032.58,0
29,11,2581.04,0
190,6,569.5600000000001,3
59,1,153.12,1
22,1,739.1999999999999,1
79,2,254.18,1
78,3,1126.85,1
23,7,2057.99,0
52,1,1193.32,1
58,2,643.59,1
31,6,3218.98,0
278,1,315.6,3
2,4,2291.19,0
85,5,657.25,1
29,1,355.53000000000003,1
22,1,177.31,1
16,13,3214.81,0
15,3,1339.41,1
232,1,180.1,3
276,1,305.1,3
106,2,641.13,1
212,3,2614.32,3
23,13,6388.35,2
11,7,4478.53,0
4,4,769.61,1
10,2,1270.88,1
57,1,640.5,1
59,5,2140.63,0
90,2,1689.18,1
67,10,5953.25,2
33,1,671.69,1
239,1,486.1,3
24,3,1174.58,1
115,1,185.9,1
25,3,1013.26,1
128,6,3344.64,0
130,1,477.91,1
34,5,1755.38,0
5,2,1346.97,1
22,13,3669.92,0
155,1,318.05,3
107,4,603.71,1
3,1,314.44,1
335,1,114.0,3
322,2,914.53,3
149,2,2209.85,1
11,5,601.98,1
17,8,3982.72,0
11,5,1152.06,1
19,1,686.05,1
30,1,91.68,1
11,1,245.1,1
1,12,3817.08,0
8,10,4863.88,0
325,2,61.75,3
58,1,620.13,1
7,6,3743.18,0
151,4,1607.73,1
10,6,2986.15,0
330,1,225.9,3
5,2,610.52,1
12,7,1919.31,0
25,6,1331.39,0
52,9,1058.67,0
1,4,862.81,1
4,20,8221.09,2
8,7,2283.63,0
28,6,2863.08,0
114,1,4873.81,0
26,2,1247.61,1
206,1,389.01,3
28,6,1035.8,1
121,6,830.96,1
70,2,869.67,1
7,4,582.1,1
21,5,939.02,1
8,6,4867.99,0
80,2,797.71,1
20,1,219.0,1
64,2,274.7,1
7,10,2220.84,0
15,14,6814.24,2
292,1,603.42,3
30,16,2616.32,0
3,26,9294.1,2
97,4,1130.57,1
23,17,4241.63,2
1,1,848.55,1
9,5,4708.86,0
106,1,353.86,1
4,2,1053.49,1
151,3,980.98,3
71,1,238.25,1
5,3,608.1,1
3,29,5713.28,2
32,7,2628.98,0
85,6,904.33,1
4,5,725.07,1
5,4,1031.41,1
28,7,2609.1,0
11,9,3947.7,0
71,4,836.33,1
114,1,453.01,1
180,1,236.26,3
234,1,383.95,3
353,1,110.4,3
315,2,779.5699999999999,3
333,1,234.0,3
78,2,1013.04,1
64,1,427.6,1
134,2,546.43,1
52,10,9120.39,2
2,11,4196.01,0
4,8,3868.2,0
129,1,275.88,1
81,1,4366.78,0
236,5,2949.12,3
250,4,2203.2000000000003,3
87,1,112.08,1
16,19,4227.7,2
117,2,2791.59,1
52,3,1531.44,1
8,2,1898.52,1
138,2,494.08,1
317,1,1693.88,3
4,7,6989.63,2
239,1,1143.6,3
211,1,1351.45,3
60,1,892.47,1
17,6,1351.24,0
20,7,804.23,1
21,12,3868.7,0
21,5,707.72,1
5,6,2273.32,0
2,8,1603.87,0
9,2,574.42,1
3,2,305.71,1
10,3,463.66,1
65,1,91.85,1
192,1,324.92,3
257,1,400.54,3
335,2,545.48,3
53,2,860.41,1
19,1,430.48,1
360,3,194.18,3
10,3,6977.04,0
184,2,412.58,3
37,3,483.65,1
168,2,484.36,3
261,3,514.85,3
45,1,229.64,1
102,1,125.92,1
148,2,1063.46,1
96,2,572.2,1
281,1,166.04000000000002,3
178,2,1517.88,3
3,4,942.34,1
214,1,92.72,3
71,3,918.98,1
75,5,1759.5,1
60,1,397.12,1
3,8,1468.12,0
6,3,430.15,1
3,6,1018.71,1
322,3,253.05,3
38,7,6748.4,2
262,1,215.05,3
32,2,383.03,1
145,1,417.38,3
283,1,312.38,3
59,4,2612.86,0
173,1,134.1,3
34,2,683.13,1
3,16,5583.62,2
144,6,2714.27,0
5,26,3876.4,2
70,2,1118.99,1
66,9,1680.76,0
29,2,325.96000000000004,1
267,4,354.09000000000003,3
22,1,871.54,1
31,2,1050.89,1
97,1,135.18,1
290,2,299.75,3
108,9,1881.7,0
79,5,1289.15,1
8,8,2162.68,0
211,2,1106.4,3
52,2,504.2,1
138,1,147.12,1
26,3,1548.07,1
283,1,559.12,3
26,10,3986.22,0
186,6,1607.0600000000002,3
84,2,380.64,1
327,2,599.97,3
282,1,374.0,3
143,2,343.2300000000001,1
58,2,2218.02,1
4,12,1535.77,0
18,3,841.64,1
45,4,552.57,1
276,1,298.0,3
9,2,1463.04,1
25,4,703.47,1
88,1,309.05,1
63,4,1158.27,1
68,3,1351.09,1
214,4,313.77,3
24,1,380.47,1
186,3,331.0,3
31,1,188.14,1
42,3,347.3,1
205,2,216.5,3
265,1,138.68,3
18,2,509.58,1
12,5,2919.81,0
40,8,2128.83,0
23,8,3075.04,0
3,5,1662.3,0
5,5,2483.63,0
149,2,363.65,3
139,5,2982.35,0
128,1,594.0,1
8,8,1301.44,0
17,1,164.23,1
161,1,405.38,3
64,1,176.97,1
88,5,929.95,1
5,2,694.05,1
35,5,2062.7,0
122,2,105.1,1
78,4,409.9,1
24,4,606.28,1
2,8,2156.45,0
17,5,1012.9,1
15,4,1504.27,1
26,1,114.14,1
46,4,876.29,1
131,3,683.9,1
36,2,604.51,1
288,1,462.95,3
144,11,1407.29,0
16,8,2053.7,0
31,10,4143.02,0
2,3,1843.0,1
9,8,1042.07,0
6,5,1382.84,1
10,1,329.85,1
1,14,4734.26,2
306,1,108.07,3
4,12,3979.04,0
7,2,266.39,1
8,9,1841.03,0
89,1,771.91,1
10,1,160.18,1
3,4,1194.75,1
112,1,135.95,1
7,4,452.24,1
198,1,144.8,3
212,1,738.6,3
156,1,39.24,3
156,12,7092.06,2
30,2,372.22,1
240,2,377.2,3
19,1,97.5,1
1,3,1215.62,1
74,3,545.0,1
292,1,535.32,3
3,19,6854.51,2
31,3,409.5,1
23,2,503.76,1
23,4,414.76,1
4,5,902.22,1
78,2,200.72,1
22,7,1197.94,0
196,3,455.88,3
107,3,534.85,1
4,15,9797.92,2
318,1,120.95,3
106,3,149.05,1
12,22,5613.43,2
174,3,468.95,3
56,1,81.57,1
323,2,178.47,3
9,11,1311.62,0
1,15,4786.99,2
3,16,3365.43,0
53,5,3346.28,0
73,3,789.89,1
7,1,204.0,1
16,29,7272.75,2
4,12,2584.4,0
64,2,689.9,1
1,8,936.15,0
114,6,6912.0,2
23,3,659.68,1
31,3,1247.5,1
11,2,799.48,1
39,3,996.52,1
357,1,190.55,3
55,2,642.77,1
58,3,886.63,1
138,3,881.07,1
80,3,908.46,1
9,2,676.99,1
254,2,471.57,3
291,1,560.47,3
99,1,305.28000000000003,1
31,2,629.31,1
32,18,3079.1,2
14,5,1805.91,0
64,2,656.6800000000001,1
9,28,5684.61,2
212,1,348.15000000000003,3
64,4,1201.96,1
25,3,271.40000000000003,1
250,1,183.4,3
254,1,307.53000000000003,3
72,1,248.61,1
191,1,346.98,3
13,4,1119.49,1
24,3,430.9,1
82,1,115.46,1
10,2,344.0,1
1,27,3717.82,2
192,1,228.8,3
267,1,177.15,3
130,1,919.61,1
1,4,729.27,1
4,5,220.1,1
179,1,58.08,3
126,10,3595.48,0
4,2,303.75,1
158,3,272.38,3
9,18,8689.39,2
21,2,319.82,1
71,6,459.83,1
267,13,7741.47,2
21,16,1708.86,0
71,1,74.39999999999999,1
33,14,5893.32,2
99,1,207.36,1
234,1,101.19,3
1,27,6336.29,2
40,1,243.94,1
3,6,1098.48,1
129,2,59.5,1
44,5,1524.07,1
3,5,766.84,1
31,8,1452.87,0
9,14,2205.63,0
117,2,485.19,1
22,8,984.91,0
20,7,1125.0,0
239,1,30.6,3
269,2,254.73,3
94,2,922.39,1
90,3,3866.33,0
5,10,2056.29,0
78,1,259.17,1
94,1,64.0,1
23,4,1039.3,1
262,1,77.3,3
274,2,109.8,3
73,7,1740.63,0
197,1,3096.0,3
50,11,2545.38,0
11,9,3605.08,0
22,6,962.39,1
16,8,5055.79,0
108,3,423.72,1
85,6,2385.8,0
19,1,307.09000000000003,1
333,1,110.95,3
40,5,614.77,1
26,1,228.91,1
10,4,712.8,1
29,17,3348.48,2
14,4,1676.06,1
203,2,1250.37,3
6,1,486.22,1
33,4,971.76,1
49,5,1721.57,1
95,4,1201.06,1
9,5,1379.75,1
22,1,91.8,1
313,1,112.75,3
122,5,1644.99,1
46,2,1021.48,1
282,2,414.7,3
19,4,791.33,1
36,5,1310.14,1
64,2,712.88,1
27,1,116.01,1
8,5,426.81,1
4,2,353.65000000000003,1
16,3,2817.03,0
46,1,492.84,1
65,1,282.45,1
26,11,5725.47,2
45,1,121.18,1
8,9,3957.78,0
15,12,1648.79,0
268,1,71.4,3
40,5,1539.69,1
337,1,236.02,3
11,1,114.6,1
19,2,260.68,1
95,2,911.94,1
61,1,117.88,1
136,1,60.7,1
11,4,1797.78,1
10,8,3384.09,0
19,4,870.09,1
10,4,869.46,1
15,2,250.26,1
59,7,1205.9,0
30,11,5820.16,2
94,1,353.48,1
10,3,1197.42,1
9,4,780.58,1
57,6,1518.43,0
268,1,333.74,3
122,5,133.62,1
127,1,62.64,1
78,4,819.2900000000001,1
240,2,847.41,3
200,2,163.2,3
60,3,2150.85,1
3,8,6083.04,2
273,1,108.21,3
202,1,257.7,3
81,1,358.0,1
226,1,160.95,3
4,15,2763.41,0
13,7,1357.6,0
74,2,605.12,1
212,2,101.17000000000009,3
25,3,727.27,1
11,5,680.83,1
262,1,329.56,3
96,4,663.65,1
112,3,270.40000000000003,1
203,1,600.07,3
93,1,121.74,1
51,1,430.5,1
18,7,1922.1,0
18,4,501.12,1
125,2,465.68,1
92,3,711.41,1
157,2,1030.4,3
4,3,390.66,1
12,3,698.5799999999999,1
62,1,292.32,1
61,1,557.62,1
269,2,944.1,3
263,1,200.29,3
1,35,7454.07,2
53,5,2107.66,0
11,19,3717.67,2
3,27,4404.4400000000005,2
18,15,3167.64,0
1,17,5315.92,2
366,1,590.0,3
37,2,178.26,1
31,2,276.56,1
113,1,138.98,1
64,2,590.9300000000001,1
16,4,258.4,1
41,1,542.73,1
64,2,126.3,1
122,3,814.86,1
18,6,1047.84,1
60,2,93.66,1
323,2,196.15,3
23,4,2709.12,0
156,1,361.11,3
39,2,578.94,1
190,2,873.74,3
360,2,197.95,3
137,1,87.4,1
8,4,2089.85,0
1,1,360.0,1
268,1,142.5,3
165,2,365.29,3
104,4,618.09,1
155,1,63.75,3
351,1,300.42,3
4,10,2000.86,0
120,1,15.0,1
23,4,1367.61,1
7,5,1456.79,1
9,6,1083.63,1
4,2,598.57,1
22,5,1555.3200000000002,1
2,4,578.66,1
37,5,5815.49,0
64,9,2140.07,0
1,3,640.76,1
5,36,10664.34,2
70,6,1491.7,0
72,2,567.36,1
17,1,199.48,1
3,5,787.85,1
32,12,7072.8,2
82,1,675.3,1
39,9,3617.57,0
316,1,1308.48,3
32,4,740.4,1
93,3,1140.93,1
14,1,350.90000000000003,1
82,3,3536.82,0
77,1,795.12,1
154,3,431.82,3
201,1,860.12,3
45,7,10736.48,2
261,1,775.85,3
173,2,303.93,3
68,3,2543.7200000000003,0
277,2,377.6,3
70,1,341.36,1
64,1,233.76,1
11,1,247.32,1
16,3,910.72,1
66,1,373.94,1
8,2,389.28,1
71,1,743.53,1
122,1,674.7,1
80,1,768.24,1
257,1,609.95,3
269,1,439.03,3
59,2,431.26,1
3,5,3085.49,0
18,2,992.5,1
9,3,2191.22,1
50,1,56.16,1
257,2,623.4,3
354,2,263.75,3
366,2,721.32,3
90,1,378.64,1
61,3,3312.25,0
81,2,772.9,1
99,3,1019.76,1
26,3,572.56,1
21,7,3626.81,0
281,1,222.99,3
31,9,4122.28,0
330,1,534.57,3
121,3,627.15,1
11,3,797.96,1
75,1,544.08,1
204,1,59.8,3
2,10,2312.8,0
185,1,307.72,3
22,4,1325.29,1
73,6,1539.18,0
192,1,457.34,3
127,2,621.23,1
18,1,75.0,1
1,2,252.49,1
74,3,572.451,1
9,7,988.91,0
107,1,213.55,1
134,3,1390.5,1
44,2,712.5,1
5,2,640.83,1
12,23,5845.4400000000005,2
64,1,221.06,1
135,4,140.35,1
40,3,1848.98,1
51,2,2601.55,1
108,3,1624.21,1
1,12,3550.7000000000003,0
19,3,582.6,1
10,1,218.47,1
11,4,1006.8,1
19,4,648.6899999999999,1
67,2,1269.1,1
74,2,534.24,1
5,9,3794.49,0
2,1,196.89,1
14,7,3408.06,0
255,1,283.71,3
92,1,296.64,1
23,4,1104.23,1
17,10,3465.67,0
24,1,291.88,1
27,6,2043.72,0
26,6,2916.45,0
259,2,590.0,3
166,2,356.98,3
25,4,1007.35,1
18,7,1737.8200000000002,0
7,22,9537.92,2
29,2,183.44,1
39,3,1445.0,1
183,2,143.25,3
58,1,674.68,1
100,2,297.95,1
11,2,1083.71,1
99,2,165.0,1
1,4,2531.58,0
61,3,417.54,1
236,1,229.59,3
191,4,1431.78,3
179,4,1092.77,3
38,8,1441.53,0
198,3,291.0,3
46,8,1776.81,0
232,1,184.64,3
66,1,140.34,1
241,1,313.8,3
233,1,454.24,3
78,3,1122.41,1
58,3,575.4,1
17,17,8910.61,2
105,4,449.52,1
52,10,1215.82,0
136,3,1269.84,1
275,2,618.63,3
312,1,316.26000000000005,3
8,6,1990.12,0
11,3,617.93,1
283,3,321.05,3
18,7,1146.96,0
23,4,1136.77,1
243,2,1310.47,3
17,3,292.0,1
71,1,216.85,1
64,1,295.93,1
68,8,4282.88,0
312,3,452.82,3
3,4,2479.16,0
244,1,110.97,3
9,7,979.72,0
1,5,1785.16,0
261,1,251.21,3
127,1,205.1,1
74,1,152.20000000000002,1
73,4,891.12,1
21,3,1389.41,1
60,5,2109.07,0
86,1,659.44,1
50,2,110.8,1
59,8,3487.75,0
1,3,1093.65,1
30,1,125.8,1
33,6,3755.38,0
41,5,680.1800000000001,1
15,2,628.78,1
34,8,2263.76,0
79,2,307.76,1
205,2,483.8,3
34,1,210.31,1
183,3,270.79,3
1,7,3448.29,0
43,7,1280.85,0
86,4,605.84,1
40,2,291.41,1
12,3,626.99,1
96,2,682.41,1
26,8,916.12,0
319,1,91.8,3
66,16,3539.53,0
74,4,4149.28,0
28,2,584.0600000000001,1
6,4,605.06,1
7,1,174.37,1
216,1,141.86,3
82,3,1799.3300000000002,1
84,2,777.53,1
144,5,647.74,1
19,2,240.22,1
41,2,874.71,1
173,1,192.85,3
17,2,373.75,1
243,1,239.49,3
13,12,2092.32,0
206,1,1384.25,3
50,2,294.40000000000003,1
23,5,732.07,1
10,20,6703.3,2
25,5,1658.3,1
15,2,467.04,1
309,1,118.0,3
156,1,781.03,3
307,1,142.4,3
32,3,347.0,1
16,13,2445.12,0
15,2,379.65,1
11,7,1976.12,0
65,3,1117.13,1
36,4,247.96,1
108,6,1990.28,0
53,1,396.97,1
6,2,697.04,1
47,2,167.42000000000002,1
1,33,5030.6,2
312,1,219.52,3
45,2,693.32,1
65,1,428.89,1
26,1,164.34,1
29,3,280.54,1
40,1,678.01,1
12,9,1115.43,0
89,4,1158.2,1
24,4,1610.46,1
313,2,399.99,3
40,3,544.18,1
174,1,177.34,3
117,1,213.85,1
31,7,672.44,1
253,1,257.23,3
59,7,1624.02,0
23,11,7792.36,2
5,11,1995.68,0
100,12,3021.77,0
25,6,2117.02,0
33,5,1575.16,1
68,1,1071.03,1
37,6,941.62,1
52,3,810.5,1
16,1,122.64,1
74,1,1033.34,1
216,1,354.8,3
31,3,519.44,1
9,5,2597.52,0
120,1,252.1,1
10,5,1670.22,0
257,2,346.6,3
17,7,1809.34,0
35,2,94.2,1
46,3,1095.08,1
43,6,2707.33,0
114,2,932.97,1
165,2,379.65,3
11,2,382.14,1
10,7,2421.47,0
197,3,1550.85,3
86,7,879.08,1
179,1,189.47,3
60,3,84.65,1
149,1,305.02,3
3,29,6216.07,2
51,2,218.55,1
75,1,349.7,1
19,2,396.92,1
151,2,486.8200000000001,3
152,1,232.6,3
1,5,2202.31,0
18,4,827.83,1
187,1,59.5,3
286,2,64.23,3
3,7,3119.44,0
183,1,72.0,3
63,1,910.0,1
59,1,172.25,1
25,5,1466.87,1
31,15,2504.13,0
39,1,151.3,1
155,1,308.58000000000004,3
26,10,2265.12,0
318,1,99.5,3
5,10,2295.31,0
8,3,711.86,1
303,1,330.79,3
267,2,806.41,3
271,1,296.88,3
4,17,6249.11,2
32,1,180.48,1
219,2,252.06,3
247,1,228.84,3
281,8,1053.94,3
269,1,138.28,3
32,7,1432.26,0
246,2,306.55,3
15,5,1041.68,1
117,4,799.9,1
36,1,524.14,1
120,4,2369.16,0
217,1,199.85,3
50,11,1809.81,0
39,2,1079.66,1
29,2,333.48,1
37,6,1016.14,1
136,2,752.6,1
219,2,610.59,3
28,1,491.86,1
25,8,2766.18,0
5,3,724.0,1
200,1,339.6,3
18,1,216.9,1
241,1,350.75,3
72,4,666.33,1
17,14,3102.42,0
3,8,1340.15,0
95,2,1156.36,1
151,2,291.54,3
96,5,948.25,1
54,5,1647.26,1
288,1,296.25,3
124,6,1186.28,1
288,1,741.26,3
152,2,282.6,3
4,10,2154.68,0
2,15,5145.12,2
12,7,3190.55,0
33,2,659.4100000000001,1
54,2,286.79,1
50,2,1070.65,1
63,3,1689.46,1
71,3,1521.76,1
2,16,2771.8700000000003,0
64,5,2631.7,0
34,3,1132.13,1
82,1,345.0,1
103,1,178.7,1
7,2,360.01,1
251,1,127.84,3
13,6,912.0,1
10,11,2462.79,0
367,1,230.4,3
76,2,309.04,1
4,1,348.79999999999995,1
43,3,1047.68,1
66,2,195.55,1
117,2,688.86,1
310,1,558.32,3
67,1,324.8,1
138,6,3906.27,0
255,1,277.07,3
31,7,2635.79,0
52,2,924.6,1
64,1,256.38,1
367,1,112.6,3
6,5,1747.66,0
305,1,155.05,3
29,4,899.51,1
184,4,591.75,3
42,3,539.0,1
40,5,1353.41,1
56,3,1562.12,1
22,5,4014.91,0
24,4,555.04,1
29,2,382.98,1
302,3,1140.35,3
145,2,385.64,1
6,2,632.0,1
19,2,957.66,1
33,5,1698.94,0
158,2,174.65,3
58,3,412.05,1
22,1,209.49,1
16,6,2202.99,0
18,2,40.95,1
159,1,384.8,3
25,4,834.57,1
212,2,271.24,3
6,4,691.73,1
253,1,85.0,3
59,9,3385.62,0
11,1,361.62,1
65,1,312.98,1
25,4,847.61,1
92,3,1255.0,1
52,2,1537.95,1
88,2,1586.81,1
96,3,2651.46,0
9,2,1056.94,1
9,29,8025.019999999999,2
169,5,363.4,3
57,1,216.17,1
326,1,201.16,3
1,6,1240.0,1
18,10,2187.31,0
245,2,299.56,3
58,4,501.56,1
74,1,145.67,1
31,3,1015.29,1
7,2,3192.54,0
123,4,3104.9500000000003,0
2,10,2751.25,0
23,14,6389.8,2
120,4,381.7,1
358,1,540.45,3
54,5,1786.79,0
64,1,122.7,1
86,1,117.24,1
55,1,1281.53,1
21,13,3219.77,0
3,6,1131.28,1
1,9,2538.75,0
7,6,781.3000000000001,1
189,2,506.8,3
71,1,243.56,1
204,1,349.55,3
120,2,605.63,1
93,1,416.9,1
1,14,1860.86,0
27,4,632.97,1
298,1,821.1,3
22,5,535.97,1
21,5,2588.12,0
50,1,311.16,1
326,1,155.93,3
16,2,388.52,1
183,3,740.95,3
72,5,2867.2000000000003,0
37,2,332.64,1
80,5,2347.05,0
57,9,2580.91,0
4,3,613.95,1
50,2,272.04,1
50,2,1212.84,1
53,3,350.16,1
352,1,172.25,3
54,1,351.13,1
2,11,1682.08,0
36,6,616.65,1
23,1,223.85,1
75,1,348.99,1
11,4,464.57,1
169,3,802.85,3
58,2,337.34,1
86,3,1230.93,1
295,1,307.4,3
109,2,608.79,1
264,1,922.1,3
171,2,361.28,3
169,1,158.85,3
35,1,71.66,1
23,4,556.75,1
17,4,839.14,1
22,7,4912.41,0
79,3,561.57,1
65,1,90.6,1
361,1,102.0,3
3,6,2427.32,0
11,5,728.5600000000001,1
176,3,674.45,3
211,3,3246.091,3
7,7,3515.68,0
2,3,378.59,1
154,2,322.96,3
5,5,1026.42,1
79,3,598.2,1
21,2,230.22,1
22,2,169.54999999999998,1
308,4,664.54,3
146,1,80.7,3
7,20,8986.69,2
9,11,2702.2200000000003,0
71,2,190.25,1
287,1,264.7,3
49,1,413.59,1
31,7,2503.23,0
207,1,357.98,3
15,2,196.79,1
73,1,869.87,1
60,1,200.14,1
39,5,1861.11,0
30,13,2590.46,0
27,6,488.03,1
4,16,7024.53,2
17,1,320.46,1
20,9,4098.8,0
66,2,1266.08,1
213,1,311.3,3
12,7,850.63,1
30,1,76.8,1
32,12,3409.66,0
4,6,2313.14,0
15,6,1383.49,0
10,15,3865.26,0
206,2,633.71,3
46,4,2030.33,1
134,2,529.73,1
43,7,4582.64,0
10,5,2874.72,0
116,3,962.19,1
198,3,685.9300000000001,3
278,1,328.8,3
110,3,473.02,1
77,1,505.18,1
53,1,917.34,1
154,5,4328.46,0
47,4,1398.96,1
17,2,642.8,1
155,3,631.9,3
225,1,440.0,3
7,2,584.07,1
122,2,327.7,1
61,1,104.82,1
63,2,467.66,1
18,8,2360.09,0
2,18,2929.84,2
22,4,512.02,1
29,5,1428.02,1
285,1,626.65,3
176,2,147.20000000000002,3
78,4,1554.48,1
33,1,152.2,1
41,15,3542.19,0
266,1,141.41,3
27,4,652.82,1
109,4,1659.75,1
284,1,154.99,3
9,7,1290.01,0
277,2,375.13,3
17,6,5639.15,0
32,2,746.36,1
20,1,225.36,1
124,2,260.25,1
65,1,92.46,1
106,1,725.6400000000001,1
1,29,8124.4,2
24,18,6147.4,2
267,1,183.6,3
5,20,6135.38,2
10,12,10464.85,2
29,7,1188.32,0
267,1,152.55,3
64,2,374.7,1
320,1,265.85,3
4,9,1307.41,0
21,2,139.54,1
5,3,942.26,1
129,1,122.47,1
41,5,499.42,1
102,6,1049.37,1
125,1,375.1,1
33,1,45.6,1
267,4,904.67,3
365,1,182.25,3
4,9,1018.43,0
2,19,4435.79,2
3,2,181.67,1
57,1,161.0,1
325,1,76.32000000000001,3
8,17,4063.1,2
12,1,442.85,1
37,1,147.35,1
16,12,3092.9700000000003,0
138,1,194.9,1
74,6,5976.79,0
5,8,1314.73,0
155,2,216.21,3
85,2,1260.33,1
52,8,2688.48,0
31,3,594.16,1
23,2,80.2,1
4,13,5669.65,2
14,5,688.6,1
23,12,2774.17,0
4,8,1377.92,0
274,2,386.53,3
20,5,1382.74,1
144,1,90.0,3
4,6,2740.3,0
84,1,419.58,1
11,3,2740.43,0
8,4,643.6300000000001,1
123,3,709.71,1
61,2,637.5,1
2,5,1123.86,1
319,1,483.86,3
2,12,3580.13,0
130,5,590.34,1
2,15,4690.31,2
2,2,982.38,1
46,1,415.82,1
4,3,920.05,1
3,6,879.0300000000001,1
134,1,115.8,1
47,5,3148.2,0
9,6,2949.57,0
49,3,468.4,1
234,1,157.2,3
213,3,259.43,3
36,2,658.64,1
75,3,611.09,1
239,2,1345.62,3
266,1,118.75,3
20,3,400.43,1
40,1,507.66,1
20,14,4678.3,2
216,3,1110.52,3
174,2,289.36,3
87,4,2445.91,0
71,2,1631.77,1
276,1,122.54,3
39,4,574.84,1
98,1,363.79,1
11,4,450.84,1
33,1,134.46,1
51,7,3108.06,0
297,5,574.0,3
85,5,554.46,1
9,7,1620.93,0
41,2,719.78,1
11,31,4640.77,2
67,1,452.89,1
331,1,197.65,3
9,10,2018.91,0
2,24,4604.31,2
2,14,4660.01,2
68,2,853.39,1
5,32,11216.75,2
202,3,962.7,3
107,1,335.52,1
4,7,663.5,1
218,1,185.4,3
60,9,688.04,0
2,1,161.03,1
11,4,218.78,1
239,2,308.26,3
95,1,151.74,1
11,7,2067.13,0
91,7,1900.89,0
53,13,2208.3,0
90,1,1070.48,1
31,7,1000.23,0
12,7,1777.92,0
3,4,1839.3,1
2,24,1925.36,2
43,1,169.48000000000002,1
4,1,89.94,1
247,2,632.4000000000001,3
42,10,3427.85,0
177,1,683.17,3
92,4,975.23,1
110,4,1050.12,1
29,7,2201.64,0
26,15,3315.71,0
52,5,1450.6,1
179,5,822.0600000000001,3
32,8,2043.93,0
44,5,1447.51,1
22,4,775.46,1
10,6,3093.86,0
81,2,490.86,1
326,1,146.85,3
43,13,2323.5,0
30,2,890.34,1
184,1,213.7,3
235,2,280.55,3
9,14,2535.88,0
176,5,1677.48,3
111,3,1474.06,1
278,1,136.77,3
318,1,302.58,3
7,3,1904.05,1
2,5,2879.7000000000003,0
254,3,935.06,3
51,6,3087.27,0
142,1,120.0,1
51,2,1163.45,1
8,8,2618.23,0
155,3,319.47,3
109,2,530.18,1
151,7,1279.09,1
332,1,492.65,3
226,1,112.32,3
74,2,437.96,1
51,4,559.97,1
88,5,1019.39,1
15,4,3957.0,0
197,1,134.04,3
3,15,3729.34,0
31,3,578.45,1
21,4,1910.01,1
24,5,4595.81,0
8,4,151.23,1
212,2,413.85,3
9,6,911.26,1
11,6,2307.4500000000003,0
2,12,3873.3,0
8,14,4819.33,2
3,4,1046.56,1
40,2,154.70000000000002,1
18,6,1284.06,1
8,18,2855.35,0
19,1,43.2,1
108,2,632.04,1
223,2,197.1,3
71,5,1803.76,0
51,3,2083.42,1
89,6,2995.7200000000003,0
8,10,2319.6800000000003,0
225,2,229.71,3
47,6,1611.59,0
107,1,120.0,1
21,7,2456.98,0
65,1,508.58,1
207,3,343.11,3
11,5,1530.75,1
115,4,574.26,1
235,2,166.85,3
163,1,311.65000000000003,3
9,14,4928.74,2
124,2,462.66,1
23,3,866.3100000000001,1
64,2,351.45,1
17,9,2539.46,0
16,2,468.26,1
17,4,1614.91,1
158,4,554.22,3
235,4,289.91,3
219,1,134.7,3
45,9,2166.38,0
21,6,607.71,1
127,8,889.9300000000001,1
39,1,108.98,1
121,2,1021.58,1
260,1,409.57,3
10,1,133.5,1
271,2,258.7,3
165,1,51.0,3
157,4,1078.96,3
215,1,90.6,3
6,2,163.62,1
366,1,174.4,3
60,4,666.9399999999999,1
43,1,225.77,1
19,6,882.58,1
32,4,2128.23,0
22,1,161.2,1
109,8,3717.35,0
8,19,9167.82,2
320,1,155.0,3
295,1,100.5,3
358,1,76.55,3
185,1,257.68,3
191,2,617.05,3
44,2,348.1,1
52,1,202.68,1
26,1,626.07,1
38,3,1247.69,1
9,3,202.11,1
297,1,142.4,3
33,3,1770.56,1
9,10,3172.04,0
9,5,999.72,1
10,13,4592.47,2
218,1,67.95,3
2,12,3471.91,0
65,2,487.99,1
1,23,2556.68,2
141,2,559.7,1
4,14,4039.98,0
130,5,1426.31,1
34,7,1434.72,0
119,1,156.75,1
107,9,2111.08,0
11,7,2606.53,0
71,7,1908.25,0
16,15,576.3,0
311,1,1063.0,3
35,3,761.33,1
362,1,122.7,3
92,8,1485.13,0
1,18,5811.56,2
22,2,490.22,1
4,3,1937.25,1
11,6,1058.06,1
85,2,385.87,1
57,2,813.11,1
1,6,4263.64,0
218,1,265.2,3
18,1,322.08,1
19,16,3918.9,2
50,2,363.34,1
7,7,1230.14,0
299,2,397.7600000000001,3
10,6,2255.51,0
22,6,1372.8,0
99,1,89.06,1
306,1,131.9,3
320,1,2661.24,3
8,5,2357.68,0
1,10,1545.14,0
2,5,1544.62,1
54,7,1400.88,0
1,4,1039.58,1
19,5,1163.23,1
9,2,375.35,1
19,4,907.1,1
181,3,483.25,3
60,2,662.59,1
11,2,264.44,1
190,1,119.93,3
5,14,3047.63,0
311,1,113.64,3
155,1,1837.92,3
110,4,383.34,1
148,3,2103.06,1
64,15,1965.9,0
98,3,529.62,1
247,3,1058.62,3
29,7,2272.4,0
18,4,598.76,1
12,2,461.19,1
104,8,1936.84,0
74,2,234.34,1
43,2,537.71,1
72,6,799.82,1
257,1,215.7,3
20,5,1307.81,1
254,2,316.25,3
11,1,279.05,1
165,2,636.51,3
18,6,2068.15,0
150,2,129.20000000000002,3
50,1,321.92,1
39,1,165.75,1
27,7,1183.58,0
51,2,1047.43,1
207,1,463.38,3
175,2,340.93,3
7,7,2362.84,0
26,1,139.56,1
51,2,123.8,1
312,2,538.8100000000001,3
301,2,457.47,3
43,5,1957.32,0
26,3,815.32,1
88,3,356.85,1
64,3,190.31,1
20,14,2351.02,0
3,6,3543.26,0
47,4,673.26,1
17,11,5818.7,2
17,5,2012.17,0
24,7,1368.18,0
22,2,276.42,1
11,6,1267.41,1
188,2,275.28,3
101,4,438.49,1
61,3,1055.35,1
18,6,2102.09,0
33,2,330.45,1
64,1,174.37,1
2,2,270.6,1
24,4,974.54,1
108,1,241.09,1
32,9,1867.68,0
9,13,4221.37,0
37,1,364.22,1
60,3,620.04,1
26,6,2925.91,0
236,4,932.85,3
25,9,1812.62,0
3,25,4075.35,2
59,4,2841.09,0
260,1,171.8,3
58,1,355.56,1
65,2,388.25,1
16,2,537.48,1
10,3,996.26,1
59,8,1461.65,0
186,1,103.25,3
4,21,2916.17,2
24,2,2024.45,1
4,9,2487.02,0
4,9,3986.74,0
151,2,652.8,3
311,1,289.24,3
11,2,765.62,1
18,2,186.23,1
152,1,165.07,3
19,5,859.27,1
10,4,2381.04,0
57,2,324.14,1
7,24,2174.18,2
76,3,1080.76,1
4,22,4709.22,2
96,6,3073.77,0
111,1,1432.0,1
35,3,1524.46,1
1,1,227.39,1
281,2,218.06,3
3,10,2803.69,0
180,13,1603.72,0
13,4,859.71,1
3,1,168.63,1
17,1,138.6,1
41,1,114.11,1
6,5,1052.55,1
169,5,1029.26,3
50,1,157.05,1
227,3,134.16,3
19,10,1598.24,0
15,4,1447.14,1
35,3,570.46,1
22,3,617.99,1
7,2,379.83,1
20,6,1740.6,0
11,2,883.15,1
44,1,221.97,1
306,1,393.33,3
11,1,213.96,1
275,1,660.0,3
16,17,11341.1,2
4,4,1785.15,1
72,4,601.56,1
243,3,406.08,3
9,4,538.59,1
239,2,379.51,3
204,3,393.28,3
1,6,1765.76,0
185,1,320.58000000000004,3
32,6,869.35,1
57,2,225.85,1
185,5,848.48,3
9,7,2757.07,0
91,2,671.96,1
4,3,939.21,1
51,3,1006.98,1
263,1,114.56,3
266,1,344.90000000000003,3
36,2,609.85,1
51,1,443.6,1
52,8,2952.34,0
16,8,2042.15,0
22,1,110.46,1
59,1,96.12,1
170,3,668.61,3
9,4,780.46,1
157,2,597.09,3
201,1,243.22,3
5,4,1417.29,1
67,2,654.6,1
77,1,114.18,1
1,7,1947.55,0
4,5,1930.15,0
169,2,291.05,3
18,5,838.27,1
5,2,247.15,1
9,12,2456.53,0
87,2,285.74,1
27,1,107.95,1
29,4,771.17,1
20,2,637.89,1
61,7,1258.38,0
24,1,195.25,1
11,27,9231.2,2
242,3,1269.99,3
280,2,411.53,3
235,2,765.5500000000001,3
3,5,1736.4,0
16,1,604.75,1
31,8,2543.24,0
71,3,498.95,1
188,2,52.0,3
26,5,1236.28,1
107,1,628.38,1
8,27,5107.38,2
209,1,112.8,3
44,3,358.61,1
31,5,2114.33,0
137,5,582.05,1
265,1,172.9,3
4,9,2070.97,0
218,2,188.61,3
2,5,1250.76,1
214,1,109.13,3
32,3,2235.3,1
11,12,2486.2200000000003,0
1,18,3250.64,2
15,1,318.17,1
11,9,1546.91,0
199,1,179.0,3
3,4,1096.67,1
15,14,4911.14,2
14,4,606.13,1
10,12,2838.2,0
29,3,917.07,1
9,12,2664.26,0
24,1,160.19,1
25,4,867.38,1
43,2,329.68,1
2,6,1592.18,0
6,3,663.81,1
147,1,187.92,3
10,6,1158.3,1
25,1,718.08,1
274,1,268.58,3
1,8,2005.06,0
47,3,380.02,1
8,10,2686.34,0
9,15,9451.54,2
4,34,5807.6900000000005,2
4,3,1164.55,1
39,9,1289.94,0
2,8,3899.1,0
191,4,1423.21,3
12,6,1400.34,0
16,9,1088.53,0
113,6,1167.16,1
248,2,294.3,3
29,6,1311.79,1
44,1,389.64,1
87,1,563.15,1
45,2,638.05,1
10,12,4965.38,2
15,1,738.96,1
75,1,420.5,1
145,4,1484.06,1
5,3,1625.97,1
294,2,53.8,3
59,2,255.9,1
264,1,300.52,3
44,2,250.55,1
29,3,254.11,1
8,8,2423.07,0
17,3,139.5,1
3,10,10641.6,2
232,2,876.4200000000001,3
112,1,139.26,1
58,3,1011.9,1
51,13,2195.58,0
127,2,730.86,1
281,3,386.15,3
55,2,447.68,1
320,1,200.1,3
26,2,289.99,1
10,2,77.4,1
7,2,679.44,1
29,1,197.64,1
17,4,745.06,1
4,2,214.14,1
3,9,1272.11,0
166,1,131.45000000000002,3
1,27,7839.51,2
53,3,173.74,1
51,1,157.7,1
48,16,4236.34,2
61,1,193.14,1
162,3,845.5500000000001,3
9,1,353.27,1
15,4,554.65,1
75,1,193.39,1
40,15,2175.37,0
41,11,2087.88,0
37,2,778.5,1
197,1,271.85,3
200,2,1110.34,3
74,3,657.8,1
64,2,272.07,1
21,4,507.29,1
367,1,48.8,3
180,3,321.43,3
10,4,1127.71,1
4,12,2226.9100000000003,0
197,3,2139.76,3
29,6,644.65,1
53,1,197.13,1
18,8,1698.35,0
10,3,102.45,1
90,5,1641.2,1
268,1,62.85,3
53,6,3295.76,0
35,8,2456.8,0
64,4,3189.81,0
149,1,309.40000000000003,3
22,28,7904.28,2
312,2,278.15,3
23,2,511.35,1
58,6,2836.69,0
9,3,463.05,1
78,8,2749.89,0
119,2,645.65,1
36,3,1311.38,1
60,3,1165.65,1
13,5,1352.04,1
9,2,168.62,1
52,1,125.79,1
26,2,841.2,1
29,1,266.76,1
7,2,52.2,1
186,4,701.33,3
3,9,2939.64,0
4,3,721.95,1
262,1,327.25,3
3,4,522.38,1
210,1,519.68,3
9,5,1448.72,1
13,9,1485.54,0
77,3,706.19,1
20,1,255.4,1
27,2,589.7,1
19,7,756.64,1
132,1,765.3199999999999,1
253,1,364.8,3
79,1,1862.0,1
207,1,369.2,3
336,1,135.9,3
254,1,125.65,3
148,2,554.38,3
10,2,1237.85,1
85,1,655.75,1
8,24,11020.26,2
205,2,468.77,3
8,4,1366.38,1
23,8,1228.32,0
11,10,1414.99,0
21,2,314.11,1
21,10,2744.48,0
2,2,1025.44,1
154,3,599.9,3
3,10,3478.85,0
74,1,277.8,1
3,7,389.86,1
17,3,841.52,1
36,4,1227.43,1
86,3,258.83000000000004,1
71,5,1264.84,1
116,2,1610.15,1
213,2,977.77,3
30,2,1316.07,1
51,1,749.1,1
246,1,310.05,3
32,1,223.88,1
109,3,2372.86,1
5,6,964.68,1
366,1,363.53,3
73,3,1888.84,1
297,1,1784.71,3
9,9,8117.42,2
57,4,1617.63,1
30,14,5842.95,2
14,1,100.9,1
72,2,290.82,1
23,7,1066.57,0
9,2,361.25,1
79,1,311.69,1
46,15,7912.79,2
25,1,289.82,1
12,1,336.17,1
253,1,58.49,3
147,3,499.68,1
59,5,684.97,1
8,2,221.27,1
11,12,7006.58,2
271,1,126.7,3
10,5,1487.8,1
247,1,206.21,3
96,2,599.0,1
15,1,191.32,1
50,1,463.8,1
30,1,147.59,1
68,4,1592.06,1
35,3,1116.57,1
128,1,114.77,1
107,3,1314.45,1
37,1,114.39,1
57,1,279.94,1
57,8,765.86,0
72,5,1931.42,0
246,1,102.12,3
19,2,213.27,1
198,2,296.75,3
16,2,326.4,1
212,1,334.54,3
39,2,233.23,1
46,4,540.98,1
170,2,429.87,3
48,1,490.52,1
116,4,1641.76,1
147,1,1246.32,1
16,35,6180.49,2
51,1,502.09,1
159,1,156.91,3
12,3,1261.78,1
36,1,308.94,1
54,2,423.04,1
43,2,260.17,1
173,1,170.04,3
34,1,125.58,1
39,4,456.26,1
267,1,266.0,3
9,13,1872.28,0
12,4,905.04,1
3,12,6763.16,2
10,10,1661.33,0
33,1,377.01,1
80,3,469.0,1
31,6,1051.95,1
8,4,627.13,1
72,2,518.28,1
4,4,668.14,1
256,5,4464.1,3
5,11,2571.02,0
16,11,4277.66,0
90,1,252.73,1
72,3,465.55,1
43,7,665.59,1
170,1,180.35,3
199,1,135.93,3
31,1,537.0,1
19,22,7629.38,2
152,3,633.66,3
9,16,5064.01,2
270,1,343.62,3
65,5,380.57,1
274,1,121.17000000000002,3
25,5,1727.17,0
23,3,1391.61,1
319,1,215.78,3
5,3,697.79,1
12,2,302.1,1
275,2,1489.5,3
25,11,2124.99,0
41,11,1325.82,0
8,4,303.09000000000003,1
71,4,987.86,1
213,1,370.8,3
38,6,3135.98,0
32,2,760.59,1
78,3,1744.76,1
46,2,553.36,1
179,1,1109.53,3
94,2,982.07,1
10,4,612.43,1
105,1,748.87,1
78,1,773.03,1
173,1,880.85,3
213,5,893.66,3
22,6,487.35,1
257,1,88.2,3
282,1,306.94,3
21,3,1140.27,1
10,6,2420.84,0
308,1,381.32,3
54,2,476.96,1
215,2,457.81,3
18,9,4410.14,0
104,5,1364.7,1
43,1,219.39,1
4,1,248.08,1
182,5,649.5,3
84,1,410.48,1
330,6,635.1,3
9,3,310.03000000000003,1
31,2,703.36,1
167,3,1002.54,3
18,7,2298.93,0
18,7,1407.73,0
311,8,247.66,3
142,5,1291.75,1
241,2,463.75,3
24,7,970.25,0
29,3,1567.48,1
10,4,3439.41,0
30,10,2760.56,0
18,1,340.11,1
18,4,1352.75,1
15,6,1550.13,0
134,1,244.8,1
246,1,266.4,3
130,2,343.82,1
50,2,457.72,1
85,6,1612.13,0
7,2,2199.31,1
23,2,184.19,1
25,23,11117.05,2
66,1,406.53,1
60,8,1419.54,0
50,11,3447.4,0
170,1,330.11,3
18,5,977.93,1
128,3,982.42,1
15,8,1387.99,0
233,2,127.15,3
3,5,1282.45,1
240,2,178.96,3
52,8,2350.0,0
46,1,498.74,1
226,1,259.45,3
8,18,6530.04,2
4,4,1194.73,1
165,3,1313.66,3
219,2,608.65,3
11,1,301.29,1
134,1,520.8000000000001,1
17,11,5303.97,2
10,16,4684.24,2
31,1,329.25,1
74,2,240.27,1
1,3,961.49,1
4,5,1869.5,0
45,1,401.4,1
357,1,158.16,3
18,2,304.47,1
69,3,843.05,1
321,1,163.0,3
26,1,106.56,1
325,2,1034.5,3
9,5,1624.05,0
323,1,135.75,3
72,1,224.14,1
260,1,40.5,3
18,7,2186.2000000000003,0
367,1,87.5,3
66,5,680.28,1
154,2,622.85,3
29,2,406.76,1
70,1,310.62,1
14,2,411.41,1
2,18,4670.08,2
120,3,1044.32,1
61,1,499.32,1
3,22,7521.17,2
3,1,3861.0,0
9,5,656.44,1
92,2,193.64,1
59,4,1268.7,1
79,11,927.84,0
26,6,1827.8,0
357,1,316.58,3
85,3,648.8299999999999,1
10,4,420.3,1
1,6,867.62,1
225,1,331.18,3
60,2,894.4100000000001,1
239,2,88.95,3
319,3,325.05,3
2,8,1661.44,0
45,6,615.99,1
88,1,96.6,1
11,11,5756.89,2
176,1,305.75,3
52,7,1758.92,0
366,2,114.1,3
319,1,585.0,3
226,3,454.9,3
358,3,310.48,3
234,1,409.4,3
311,1,154.41,3
37,5,1219.4,1
66,5,3376.96,0
239,2,429.6,3
113,2,612.06,1
277,1,197.0,3
218,12,2247.51,0
299,1,321.05,3
2,4,1412.32,1
29,5,1056.54,1
10,3,764.34,1
45,7,1685.57,0
67,9,1738.59,0
74,1,316.68,1
65,2,631.57,1
134,3,2515.84,1
238,2,514.15,3
122,1,356.0,1
32,15,6657.360000000001,2
9,15,10327.11,2
36,2,740.78,1
16,6,915.3,1
127,1,300.36,1
67,1,890.85,1
149,1,98.45,3
281,2,232.15,3
169,2,623.16,3
100,8,1780.77,0
135,1,254.82,1
324,1,178.95000000000002,3
107,1,156.51,1
64,1,393.74,1
151,2,1506.12,3
338,1,119.3,3
22,5,1717.36,0
24,1,408.8,1
16,9,2298.2,0
7,16,2485.82,0
57,2,721.94,1
4,2,716.57,1
31,2,609.19,1
66,1,135.31,1
47,1,255.9,1
355,2,277.41,3
172,1,113.12,3
59,12,2239.95,0
50,1,240.55,1
22,3,485.24,1
43,5,2306.52,0
29,4,935.1,1
5,21,7803.769999999999,2
26,20,4596.51,2
201,1,180.94,3
44,10,3610.31,0
10,4,635.0400000000001,1
2,14,3774.1,0
67,11,3787.09,0
64,1,496.44,1
51,14,5028.12,2
290,1,574.02,3
61,10,680.3,0
64,3,1174.35,1
96,1,205.3,1
271,2,302.27,3
75,5,921.1,1
110,1,52.0,1
199,1,327.97,3
64,3,551.54,1
327,1,165.0,3
4,1,312.62,1
284,1,204.5,3
44,1,267.13,1
49,4,2650.73,0
64,2,602.97,1
104,1,162.29,1
334,1,311.71,3
53,1,208.75,1
35,5,1005.5,1
32,2,714.9599999999999,1
366,4,1661.06,3
208,1,1028.56,3
157,3,351.67,3
54,1,173.97,1
66,3,557.57,1
81,1,2020.52,1
116,2,391.76,1
87,1,364.5,1
1,5,476.58,1
35,2,367.69,1
333,1,252.42,3
366,1,201.6,3
72,1,158.04,1
158,2,473.81,3
12,10,1862.14,0
255,2,777.02,3
29,2,277.05,1
31,10,2766.5,0
5,29,8234.8,2
40,1,427.93,1
362,1,418.92,3
241,2,318.05,3
96,2,913.19,1
26,9,1330.45,0
75,2,602.51,1
57,5,1867.69,0
21,1,446.94000000000005,1
41,8,2360.55,0
137,1,2007.4,1
8,13,2213.11,0
129,1,168.0,1
40,3,1233.36,1
169,8,3631.89,0
9,6,1682.36,0
214,2,596.85,3
15,8,5927.86,0
170,3,635.76,3
40,1,316.88,1
186,1,394.14,3
270,1,140.54,3
172,1,500.0,3
5,5,1515.73,1
16,2,231.86,1
10,4,2183.54,0
326,1,107.45,3
113,1,288.18,1
290,1,94.0,3
16,3,1339.63,1
1,3,815.77,1
92,6,666.7,1
149,2,626.77,3
189,1,349.1,3
18,4,426.61,1
34,4,1056.44,1
264,1,267.18,3
84,8,3450.84,0
26,5,1346.38,1
171,1,190.53,3
10,3,774.9000000000001,1
313,1,572.8100000000001,3
65,5,3974.37,0
85,1,508.8,1
25,1,135.86,1
59,4,950.36,1
323,2,97.7,3
38,1,43.5,1
254,2,383.34,3
19,7,1429.9,0
33,3,1483.14,1
15,1,93.78,1
27,3,364.9,1
23,1,171.19000000000003,1
79,3,417.87,1
8,6,997.48,1
22,1,149.29,1
12,3,1122.53,1
262,1,200.16,3
131,1,156.57999999999998,1
55,3,383.68,1
249,1,594.0,3
2,8,3212.16,0
9,2,1418.26,1
264,1,113.5,3
331,1,155.17000000000002,3
313,1,494.64,3
26,5,971.22,1
30,1,429.84,1
30,3,538.73,1
2,7,1388.37,0
362,1,179.1,3
283,3,447.22,3
262,1,237.07,3
25,1,161.64,1
354,1,216.76,3
94,3,234.6,1
29,1,126.14,1
338,1,1048.85,3
20,24,6945.02,2
85,1,334.53,1
9,4,511.88,1
35,5,438.46,1
43,4,504.5,1
2,1,469.48,1
113,1,371.56,1
14,10,1465.2,0
77,1,454.11,1
40,2,1441.42,1
116,1,905.5,1
16,16,6568.72,2
161,4,233.81,3
1,5,3563.11,0
30,3,2575.0,0
93,1,91.32,1
23,4,1090.03,1
95,7,3090.85,0
28,2,659.46,1
33,7,1967.25,0
21,2,1299.23,1
18,3,1259.7,1
8,4,1131.56,1
16,23,5541.46,2
363,1,147.09,3
81,1,52.83,1
53,7,3497.14,0
23,3,979.26,1
172,1,492.36,3
189,6,1000.27,3
331,1,250.0,3
12,5,909.23,1
156,2,121.0,3
12,13,2963.19,0
45,3,62.43,1
233,1,267.03,3
64,13,1911.89,0
2,1,343.5,1
36,13,2574.65,0
33,2,398.84,1
84,1,412.0100000000001,1
25,1,440.0,1
2,4,811.02,1
33,2,148.44,1
19,10,2348.82,0
254,1,229.33,3
23,12,3967.78,0
22,4,1502.35,1
8,2,2007.44,1
25,6,1517.08,0
19,5,746.92,1
173,7,459.9,3
163,1,110.92,3
7,1,538.46,1
11,1,213.3,1
114,1,85.13000000000001,1
288,1,127.86,3
9,11,3542.51,0
54,2,292.72,1
7,14,4954.84,2
77,4,1655.76,1
4,4,575.63,1
37,1,436.06,1
217,1,90.12,3
60,1,437.23,1
278,1,217.2,3
12,20,4758.2,2
24,1,279.77,1
29,1,473.65,1
12,5,722.74,1
352,1,134.55,3
9,7,1319.69,0
50,2,173.16000000000005,1
19,1,186.01,1
3,3,758.29,1
104,5,1375.71,1
7,13,4109.97,0
12,4,650.4300000000001,1
5,7,2552.86,0
32,2,607.45,1
178,4,702.25,3
38,1,940.67,1
151,3,258.88,3
162,1,127.1,3
69,2,348.6,1
121,14,3429.9700000000003,0
25,3,682.9100000000001,1
24,5,722.61,1
177,1,455.3,3
50,4,913.68,1
253,4,456.58,3
47,1,388.58,1
71,1,199.8,1
16,6,1767.53,0
101,9,1343.34,0
30,2,315.72,1
35,3,235.68,1
27,2,761.74,1
11,17,6745.360000000001,2
8,15,1083.63,0
79,1,48.48,1
52,1,216.39,1
36,5,1198.23,1
57,11,2422.64,0
337,1,104.76,3
28,4,1093.68,1
183,2,270.03000000000003,3
52,1,112.46,1
10,15,1568.39,0
36,2,195.15,1
10,27,10360.04,2
33,5,747.031,1
11,1,336.4,1
50,6,1524.4,0
4,6,1158.77,1
3,16,3224.53,0
141,1,301.03000000000003,1
117,4,588.13,1
100,8,1504.56,0
75,2,675.8,1
5,10,2865.64,0
45,3,1180.4,1
16,10,3147.31,0
17,1,243.55,1
90,2,724.76,1
53,1,223.36,1
134,1,425.32,1
105,4,1887.2,1
179,6,647.4,3
166,4,813.0,3
19,1,612.01,1
158,4,425.14,3
204,4,599.9,3
336,2,816.0,3
37,3,646.3,1
91,1,337.74,1
93,2,877.44,1
9,2,922.53,1
233,2,511.32,3
45,4,748.5,1
23,1,30.0,1
190,8,958.9,3
44,1,306.45,1
25,12,1552.01,0
317,2,309.8,3
106,1,138.14,1
51,2,358.63,1
168,2,2242.01,3
40,1,301.32000000000005,1
218,1,76.32000000000001,3
40,5,677.69,1
297,1,173.05,3
19,10,2635.49,0
88,4,2881.02,0
73,8,1744.02,0
81,3,323.69,1
9,5,3324.09,0
49,1,657.23,1
53,1,352.7,1
24,4,781.28,1
9,3,1333.68,1
18,6,946.36,1
117,1,193.75,1
9,11,2981.5,0
120,2,254.1,1
4,2,239.76,1
252,1,136.8,3
28,1,191.04,1
1,15,6423.6,2
267,2,409.98,3
33,12,2644.46,0
18,1,309.65,1
172,3,664.03,3
2,4,1542.14,1
265,1,211.5,3
140,4,2293.62,1
201,1,143.1,3
60,7,1001.81,1
35,4,945.58,1
41,11,3329.7200000000003,0
284,1,133.25,3
9,5,1072.36,1
143,3,346.75,1
12,2,330.88,1
146,4,1118.81,1
234,1,150.3,3
33,14,5043.96,2
24,1,598.73,1
12,1,507.08,1
36,6,2181.21,0
365,1,203.1,3
201,3,212.3,3
15,1,415.25,1
17,7,5178.96,0
198,2,62.0,3
66,4,1108.38,1
212,2,294.12,3
283,1,162.3,3
115,2,1339.45,1
15,12,1121.21,0
19,19,4788.77,2
66,1,449.12,1
49,1,154.88,1
16,4,784.46,1
78,1,34.8,1
9,6,1071.24,1
134,2,182.96,1
13,3,974.04,1
40,1,149.31,1
3,9,2451.23,0
40,8,2628.93,0
305,1,79.2,3
51,4,455.67,1
1,8,2318.88,0
61,4,532.96,1
66,2,714.42,1
25,1,205.25,1
218,3,253.04,3
65,2,583.75,1
32,3,1048.67,1
81,10,3245.47,0
64,1,315.06,1
116,4,581.83,1
6,1,635.6800000000001,1
69,1,270.8,1
245,1,104.9,3
133,1,241.62,1
241,5,1021.61,3
184,3,475.28,3
25,4,333.56,1
10,4,2593.94,0
11,1,246.3,1
30,8,2303.75,0
44,5,4834.2,0
26,3,948.05,1
358,1,351.3,3
10,1,220.85,1
44,3,1604.44,1
9,4,948.96,1
150,1,610.01,3
1,10,2666.61,0
113,4,2207.4,1
76,3,884.14,1
107,2,699.08,1
46,4,1042.19,1
51,1,415.8200000000001,1
1,19,3848.55,2
23,20,5452.17,2
46,3,784.58,1
50,3,903.9,1
306,5,3724.77,3
36,6,399.21,1
79,7,1145.43,0
17,9,2171.32,0
107,5,1801.14,1
208,2,1303.91,3
3,6,1842.73,0
64,5,2100.6,0
49,4,1905.45,1
320,1,206.98,3
44,2,570.96,1
3,2,885.47,1
172,1,532.94,3
51,4,1649.36,1
73,20,1641.48,0
99,2,636.14,1
29,2,547.7,1
58,4,747.76,1
254,1,836.79,3
70,6,2084.9,0
44,4,954.09,1
45,2,117.47,1
65,1,391.98,1
25,5,1020.74,1
59,3,345.66,1
64,6,1209.1,1
304,1,118.95,3
46,1,130.73999999999998,1
18,10,3650.87,0
38,2,389.27,1
19,2,238.85,1
187,2,160.71,3
52,1,110.8,1
4,12,2974.65,0
137,5,712.24,1
19,1,297.0,1
16,5,1438.85,1
41,8,977.21,0
12,9,3000.36,0
8,4,832.88,1
26,2,68.84,1
22,8,1769.78,0
41,3,895.13,1
101,1,230.53,1
5,16,3797.79,2
277,2,149.64,3
33,1,354.09000000000003,1
15,2,360.93,1
63,9,4330.67,0
2,3,440.78,1
312,8,438.24,3
199,5,495.36,3
2,2,396.48,1
93,3,379.35,1
60,1,181.09,1
80,2,141.27,1
157,2,446.87,3
227,1,524.52,3
253,2,263.55,3
150,1,179.17,3
194,2,222.05,3
1,6,1384.68,0
24,1,351.11,1
17,3,363.88,1
10,8,5126.34,0
8,1,164.68,1
20,8,1521.79,0
4,3,967.45,1
174,1,191.94,3
1,8,1232.18,0
178,2,264.62,3
16,10,1491.24,0
248,1,123.1,3
191,2,334.23,3
20,2,639.89,1
154,4,167.5,3
173,1,336.03000000000003,3
194,1,207.15,3
67,1,426.63,1
4,11,2461.85,0
21,3,1107.46,1
239,2,416.86,3
64,1,145.35000000000002,1
112,5,404.58,1
90,16,6102.26,2
311,2,31.8,3
134,1,337.44,1
277,1,325.1,3
365,1,181.0,3
83,1,1708.24,1
8,2,955.24,1
17,2,364.72,1
2,5,1705.26,0
1,3,669.57,1
34,4,806.57,1
15,10,1634.53,0
24,16,4389.81,2
32,1,428.89,1
74,1,104.35,1
20,2,470.76,1
17,4,845.64,1
23,2,418.83,1
3,4,582.9,1
304,1,314.1,3
18,12,4199.85,0
236,3,99.77000000000002,3
39,8,3429.55,0
84,1,371.01,1
165,2,430.94,3
17,2,1054.73,1
77,1,1098.78,1
89,3,2398.86,1
25,8,3408.48,0
22,4,1475.02,1
3,11,2816.97,0
123,3,1037.42,1
30,1,168.12,1
12,7,1451.28,0
19,1,158.03,1
44,2,792.11,1
4,1,41.99,1
9,10,2756.82,0
55,1,427.07,1
88,7,1044.78,1
37,6,3084.17,0
30,5,2735.37,0
12,4,615.39,1
211,1,101.4,3
48,4,1701.94,1
24,3,478.78,1
22,4,992.71,1
246,3,407.5,3
8,16,3362.71,0
35,3,1415.29,1
36,4,653.13,1
4,4,690.54,1
3,10,1483.31,0
47,1,211.88,1
39,2,408.9,1
2,10,3450.24,0
17,3,851.01,1
260,1,628.28,3
46,3,719.81,1
12,1,251.24,1
30,1,439.66,1
43,1,236.09,1
92,7,852.12,1
310,1,331.24,3
92,2,548.94,1
6,27,8727.61,2
196,3,437.7000000000001,3
87,2,758.9200000000001,1
270,3,855.02,3
8,4,454.33,1
65,3,1313.55,1
31,3,3166.4,0
22,7,1147.37,0
38,4,773.99,1
120,4,1340.7,1
86,3,243.69000000000003,1
40,3,1111.79,1
174,1,137.9,3
54,1,362.06,1
33,2,1511.95,1
145,1,783.9,1
221,1,134.8,3
45,1,664.85,1
4,10,2140.2200000000003,0
66,6,1459.86,0
10,4,1153.62,1
260,1,335.32,3
365,1,372.09,3
17,5,1521.87,1
22,2,852.15,1
45,1,326.24,1
288,1,584.3199999999999,3
292,2,94.35,3
3,11,2173.53,0
284,1,79.2,3
17,3,1352.0,1
82,3,176.6,1
56,5,2806.9,0
101,2,1317.62,1
299,1,436.18,3
23,5,981.51,1
59,6,1119.31,1
155,2,315.06,3
99,5,779.36,1
107,1,17.0,1
12,6,1041.83,1
264,1,320.62,3
240,1,185.05,3
88,7,2005.63,0
50,3,731.9,1
9,3,1245.96,1
42,3,1842.14,1
7,6,1429.64,0
62,1,302.36,1
249,1,336.96,3
66,1,108.38,1
18,7,3204.1600000000003,0
85,2,816.1,1
219,2,611.88,3
45,3,1337.48,1
143,4,195.74,1
183,1,161.38,3
171,1,135.75000000000003,3
10,8,1667.97,0
206,2,592.88,3
190,1,232.21,3
8,2,423.36,1
59,5,1294.14,1
57,2,867.11,1
73,4,684.42,1
52,1,307.78000000000003,1
316,2,187.15,3
367,1,289.35,3
29,4,6287.77,0
39,1,656.25,1
18,5,1880.22,0
52,6,3506.54,0
22,3,603.69,1
263,1,517.55,3
60,3,709.38,1
19,3,635.4100000000001,1
53,4,703.77,1
88,1,620.4,1
250,1,535.34,3
3,7,2419.84,0
247,1,175.2,3
9,18,3741.98,2
157,3,734.13,3
134,1,375.0,1
296,1,76.32000000000001,3
5,2,280.52,1
39,10,1906.07,0
269,1,1829.04,3
50,5,1824.23,0
9,13,3024.62,0
16,4,644.24,1
282,1,348.2,3
64,4,1009.45,1
2,26,5352.97,2
252,1,37.4,3
225,3,441.6,3
17,4,802.53,1
11,28,3770.6,2
8,4,1822.97,1
51,7,1880.42,0
59,1,73.19999999999999,1
95,5,1140.21,1
16,7,1406.57,0
126,3,1009.55,1
94,4,1037.59,1
50,1,331.95,1
138,1,197.9,1
61,1,215.83,1
100,10,10217.48,2
73,1,305.54,1
72,4,6617.65,0
67,1,338.71000000000004,1
64,7,1155.54,0
17,2,529.41,1
23,13,3991.94,0
32,17,6841.24,2
45,4,981.86,1
16,2,215.48,1
40,1,215.08,1
3,25,4913.32,2
237,1,314.45,3
75,1,400.681,1
4,2,1080.62,1
3,5,1821.52,0
361,1,365.27,3
59,5,589.15,1
23,1,405.71,1
31,4,761.38,1
55,4,537.0600000000001,1
25,1,394.38,1
45,2,664.26,1
89,5,2262.62,0
81,2,542.77,1
19,3,681.19,1
79,1,159.0,1
171,3,1062.75,3
81,1,242.35,1
267,1,914.93,3
235,4,259.39000000000004,3
30,8,3054.87,0
37,3,864.86,1
318,1,846.72,3
57,4,1295.3,1
45,5,1096.32,1
203,3,255.12,3
219,2,308.32000000000005,3
87,2,1010.6,1
190,2,542.03,3
33,5,983.23,1
71,5,422.13,1
41,6,858.41,1
78,1,432.2,1
57,3,372.9,1
8,5,3693.81,0
10,13,2607.87,0
8,8,3598.26,0
34,2,409.1,1
212,2,1522.75,3
24,5,1352.36,1
170,1,114.56,3
62,1,152.94,1
53,5,1800.07,0
261,2,389.44,3
32,3,3665.62,0
17,10,2609.3,0
258,2,732.63,3
177,1,46.95,3
45,5,5203.51,0
51,1,1035.45,1
17,4,746.83,1
9,11,5423.15,2
74,7,861.89,1
71,2,667.65,1
353,1,1141.24,3
3,6,1423.29,0
117,1,411.7,1
197,1,559.87,3
177,1,810.6,3
23,3,537.83,1
21,4,1496.68,1
72,1,2062.06,1
340,1,168.3,3
6,7,1531.51,0
31,2,823.97,1
170,1,142.5,3
117,2,280.9,1
9,12,2236.74,0
10,4,1328.55,1
213,4,275.4,3
23,3,598.2,1
108,2,212.82,1
26,4,5305.83,0
139,1,361.22,1
214,9,602.27,3
38,4,2560.0,0
92,3,686.6700000000001,1
18,2,616.26,1
3,2,274.15000000000003,1
331,1,226.37,3
64,12,2755.56,0
120,3,1341.65,1
35,1,328.15000000000003,1
218,1,404.4,3
172,2,1038.46,3
72,7,230.7,1
1,2,326.75,1
196,1,207.50000000000003,3
128,3,428.68,1
44,5,510.54,1
6,15,3085.96,0
14,6,3844.22,0
18,4,242.21,1
28,8,1583.2,0
37,1,151.05,1
157,1,214.8,3
284,1,109.95,3
107,1,549.07,1
25,6,1959.38,0
75,4,322.41,1
16,2,370.48,1
158,1,101.1,3
44,1,575.41,1
11,2,887.65,1
32,7,1469.45,0
291,1,53.5,3
21,5,1100.47,1
333,1,153.9,3
18,2,494.44,1
4,23,6675.71,2
63,2,395.8,1
198,4,210.32,3
33,3,658.88,1
1,5,2024.95,0
7,12,1460.37,0
5,8,3411.69,0
10,4,896.66,1
32,9,652.07,0
53,1,109.36,1
12,2,707.04,1
18,9,1540.42,0
19,1,327.3,1
37,2,804.49,1
2,2,497.43,1
18,3,1553.66,1
82,4,1320.56,1
33,2,367.93,1
66,2,473.03,1
9,3,977.52,1
267,1,676.2,3
247,3,362.95,3
4,5,2131.9,0
61,1,1780.59,1
75,2,668.36,1
90,2,584.5,1
60,3,555.89,1
29,2,317.2,1
323,1,94.36,3
53,5,1362.27,1
270,1,221.19,3
2,20,2941.05,2
50,9,1412.06,0
61,5,1486.9,1
145,4,1631.15,1
19,2,408.57,1
95,1,303.93,1
1,20,4061.24,2
265,2,299.6,3
302,2,161.05,3
70,1,443.05,1
302,2,167.25,3
19,1,163.07,1
13,10,2126.93,0
36,5,2028.88,0
19,2,214.65,1
54,1,151.83,1
57,1,262.2,1
22,2,126.25,1
44,1,210.35,1
27,4,1026.99,1
45,3,675.27,1
113,7,959.48,1
25,1,346.12,1
191,2,82.56,3
302,1,302.7,3
2,10,1908.25,0
263,2,241.06,3
106,1,284.55,1
57,1,300.85,1
213,3,642.81,3
64,1,287.40000000000003,1
28,1,184.26,1
29,7,1522.25,0
6,5,798.35,1
8,5,3640.67,0
67,2,381.2,1
2,3,616.79,1
46,5,638.77,1
34,1,230.51,1
1,3,2.8999999999941792,1
136,1,259.01,1
198,1,188.89,3
191,3,674.69,3
150,1,311.92,3
88,1,266.97,1
64,7,1841.18,0
99,5,2158.37,0
218,1,208.36,3
3,18,3482.74,2
28,3,814.72,1
178,1,151.42,3
64,4,102.0,1
21,7,1383.7,0
20,3,1314.68,1
34,7,1603.46,0
74,1,74.9,1
24,4,650.43,1
52,5,757.44,1
275,1,223.95,3
165,4,314.86,3
7,11,1811.47,0
88,4,544.3,1
64,7,2494.46,0
25,3,331.0,1
10,2,300.83,1
76,1,769.29,1
16,1,220.62,1
192,1,139.35,3
174,3,379.4,3
77,1,363.65,1
33,4,492.2000000000001,1
47,1,731.5,1
73,6,1329.66,1
297,1,826.53,3
3,3,684.41,1
9,4,1562.22,1
50,6,2965.69,0
161,3,86.12,3
360,5,319.1,3
5,6,400.86,1
107,5,1421.43,1
25,1,484.38,1
32,1,777.6,1
20,2,90.3,1
297,1,363.7000000000001,3
22,3,950.26,1
5,4,874.59,1
52,5,1627.13,1
30,1,101.7,1
277,1,162.70000000000002,3
61,3,480.92,1
25,2,215.08,1
186,4,1036.62,3
2,28,9295.67,2
172,1,290.36,3
81,1,228.06,1
4,1,244.41,1
190,1,455.25,3
22,7,1244.59,0
18,3,6748.8,0
19,5,1026.94,1
5,1,593.75,1
107,2,539.02,1
3,4,1388.81,1
54,1,119.62,1
165,1,339.3,3
10,10,4154.64,0
109,9,2266.25,0
96,3,922.12,1
243,2,379.73,3
163,14,5664.57,2
3,7,641.55,1
35,2,285.89,1
67,7,3313.79,0
24,2,281.85,1
1,24,8257.04,2
21,3,816.51,1
6,2,511.12,1
54,1,1077.74,1
364,1,173.7,3
15,6,614.01,1
194,2,865.6,3
3,1,124.2,1
9,15,3622.95,0
3,5,1285.22,1
127,4,999.7,1
74,4,648.41,1
71,1,451.44,1
155,2,70.44,3
113,1,313.62,1
80,3,908.03,1
249,1,463.95,3
232,1,225.15,3
71,3,459.24,1
69,1,213.5,1
4,19,4073.28,2
51,3,330.03,1
75,1,181.09,1
61,1,360.16,1
16,2,250.15,1
4,1,90.04,1
277,2,140.7,3
4,6,813.52,1
41,1,244.8,1
31,2,494.73,1
75,2,482.47,1
18,16,3038.67,0
15,9,5450.96,0
219,1,75.66,3
186,2,120.99,3
33,4,1187.66,1
70,1,618.59,1
183,1,506.19,3
15,2,500.42,1
236,1,151.85,3
31,6,2630.64,0
254,2,204.41,3
4,2,178.96,1
52,4,813.48,1
246,1,129.45000000000002,3
81,2,810.57,1
275,1,333.08,3
1,20,4379.65,2
79,1,322.8,1
30,6,2183.04,0
74,2,417.73,1
17,7,2878.15,0
223,2,217.9,3
32,5,1124.59,1
23,11,1676.47,0
25,4,1169.38,1
106,1,231.1,1
5,3,679.83,1
246,1,487.51,3
178,2,833.78,3
170,2,214.06,3
39,2,270.86,1
72,1,518.42,1
54,11,6654.26,2
16,3,1166.92,1
141,5,594.97,1
18,6,3794.52,0
22,21,8568.24,2
10,4,933.62,1
189,1,39.12,3
16,5,810.45,1
362,1,135.4,3
19,1,118.98,1
68,2,570.13,1
15,6,306.72,1
24,4,1370.87,1
17,17,4022.46,2
28,3,1692.27,1
2,23,8093.59,2
55,2,319.61,1
34,5,1558.72,1
3,17,3013.83,0
366,1,129.75,3
43,1,183.7,1
73,6,1770.34,0
5,5,1028.0,1
61,2,324.24,1
47,9,3043.48,0
1,4,1260.86,1
76,3,303.26,1
44,3,208.63,1
256,2,1276.0,3
69,2,482.01,1
135,4,657.9,1
241,1,112.75,3
227,2,1998.0,3
9,17,5040.0,2
9,18,5150.27,2
37,3,531.35,1
46,1,656.63,1
85,5,3029.87,0
19,10,2483.04,0
3,5,1651.03,0
9,11,3645.43,0
19,21,6840.2300000000005,2
219,4,911.53,3
78,1,301.72,1
267,3,319.8000000000001,3
9,9,3278.36,0
15,8,1773.92,0
26,1,155.24,1
262,1,292.47,3
17,16,4711.21,2
91,2,589.15,1
302,8,775.07,3
26,5,1382.02,1
364,1,272.82,3
46,4,1054.67,1
36,26,7076.28,2
52,4,702.79,1
32,1,603.75,1
52,3,650.51,1
79,7,2269.21,0
53,1,417.6,1
298,1,3.75,3
172,2,312.55,3
29,8,2191.84,0
11,7,1304.76,0
87,18,7170.7,2
5,19,6694.31,2
25,4,826.96,1
18,5,1515.9,1
45,5,623.93,1
31,1,1764.72,1
58,1,223.92,1
114,5,1484.63,1
215,1,239.4,3
319,1,106.83,3
65,1,369.34,1
8,4,772.84,1
97,1,316.62,1
20,3,1501.38,1
185,2,594.9,3
4,18,2758.25,0
294,1,34.0,3
273,2,1145.6,3
31,11,5580.6,2
48,5,458.04,1
260,1,380.39,3
58,6,744.9,1
33,5,2246.81,0
57,1,171.59,1
68,5,654.92,1
10,11,1695.66,0
60,1,388.28,1
80,2,226.35,1
74,2,245.94,1
2,28,10454.05,2
100,2,425.19,1
365,2,294.65000000000003,3
10,19,2242.25,0
20,1,107.6,1
123,2,597.48,1
8,1,80.80000000000001,1
4,8,1520.12,0
29,8,1706.28,0
282,2,110.38,3
57,1,243.84,1
1,12,1201.51,0
365,1,414.88,3
89,1,305.62,1
11,1,1201.49,1
163,5,867.8299999999999,3
65,1,332.3,1
23,3,536.99,1
174,2,460.59,3
103,4,801.49,1
143,3,1121.59,1
99,2,288.42,1
23,6,912.74,1
192,2,275.64,3
5,2,547.07,1
361,1,479.35,3
8,10,1692.98,0
14,22,6500.6,2
103,4,417.06,1
3,13,1446.95,0
11,13,3317.9700000000003,0
96,1,497.61,1
227,1,358.38,3
16,2,460.64,1
39,2,775.18,1
51,1,341.7,1
93,2,128.5,1
157,1,197.22,3
39,1,325.91,1
184,3,199.15,3
1,4,1106.53,1
228,1,413.46,3
128,2,180.85,1
40,2,251.87,1
31,12,3167.73,0
197,3,582.9,3
37,7,1774.62,0
64,4,1260.44,1
43,17,10183.82,2
50,1,214.32,1
43,1,193.44,1
53,1,281.42,1
187,1,124.57,3
334,1,332.41,3
4,3,342.45,1
10,2,144.91,1
24,2,328.40000000000003,1
15,1,35.400000000000006,1
366,2,345.89000000000004,3
106,5,473.14,1
60,3,151.65,1
29,4,481.35,1
141,3,207.74,1
23,5,805.62,1
22,7,2761.49,0
77,3,680.02,1
5,10,7066.31,2
64,9,2023.47,0
12,6,853.72,1
31,7,1519.08,0
67,1,432.0,1
67,3,705.12,1
187,2,276.73,3
38,2,429.84,1
15,3,471.51,1
35,1,194.88,1
195,3,1578.67,3
2,5,809.7,1
1,7,496.84,1
367,1,145.93,3
65,1,219.14,1
299,3,213.03,3
26,4,444.46,1
8,6,1281.56,0
12,5,187.69,1
116,1,1706.88,1
29,1,373.24,1
4,16,3754.27,2
5,8,3085.48,0
82,4,579.77,1
29,5,981.65,1
64,2,364.14,1
4,8,1510.06,0
23,14,2528.67,0
290,1,113.44,3
36,1,208.46,1
9,6,621.6800000000001,1
24,2,576.26,1
277,1,391.52,3
50,7,1043.34,1
156,11,2596.45,0
61,1,169.79,1
12,26,6666.83,2
21,4,739.5,1
116,3,543.05,1
80,19,2781.5,2
4,7,1295.39,0
26,3,380.55,1
5,21,4604.22,2
53,1,161.94,1
1,5,530.08,1
55,2,950.93,1
26,1,262.68,1
9,5,1903.13,0
52,3,3049.88,0
13,10,1894.11,0
212,3,816.73,3
22,19,4345.5,2
236,1,406.48,3
139,3,435.02,1
4,7,1161.27,0
57,3,1178.56,1
123,4,1262.75,1
109,2,167.61,1
30,1,20.8,1
1,9,2085.08,0
185,5,493.67,3
9,2,292.34,1
239,2,416.64,3
87,1,117.35,1
39,3,507.05,1
116,1,234.17,1
187,1,110.55,3
227,1,201.19,3
8,10,2148.47,0
189,1,319.02,3
4,2,439.43,1
39,3,650.41,1
3,2,232.21,1
267,1,251.52,3
78,1,344.33,1
4,8,1809.05,0
255,2,1078.96,3
61,1,384.06,1
13,8,1920.2,0
78,5,4392.42,0
17,11,5461.62,2
30,2,1873.2,1
3,7,1625.05,0
5,1,126.12,1
7,6,1133.25,1
219,1,179.0,3
11,6,1601.86,0
30,9,1427.46,0
288,3,702.0,3
150,6,287.02,1
23,2,484.82,1
1,11,3989.57,0
73,4,1487.78,1
46,2,1412.94,1
5,4,781.78,1
51,7,877.4300000000001,1
17,2,185.46,1
30,1,270.9,1
8,4,565.58,1
29,3,1842.56,1
3,27,8574.11,2
41,2,920.1,1
11,4,1272.61,1
31,1,71.0,1
45,3,95.85,1
61,3,357.77,1
185,2,154.83,3
79,7,848.59,1
111,2,716.0,1
64,1,146.87,1
12,2,380.35,1
86,3,1030.14,1
16,4,734.57,1
246,3,388.33,3
78,2,1253.22,1
30,1,112.4,1
138,1,449.73,1
27,4,1065.77,1
3,5,1044.38,1
32,4,1735.18,1
9,3,897.4300000000001,1
113,3,339.44,1
157,1,642.02,3
85,3,1100.9,1
115,6,864.32,1
3,11,5594.78,2
96,6,3228.84,0
194,1,247.14,3
28,1,413.75,1
129,2,496.38,1
28,6,1353.83,0
82,3,1179.89,1
30,5,3095.04,0
266,1,234.24,3
74,12,5116.13,2
314,5,534.47,3
9,11,1421.59,0
59,3,859.35,1
12,22,4531.34,2
28,13,2655.2200000000003,0
114,1,312.14,1
9,14,2385.48,0
18,4,1446.09,1
18,5,813.77,1
36,3,841.0799999999999,1
36,2,378.2,1
78,1,118.8,1
22,3,285.5,1
25,2,290.16,1
33,2,2003.85,1
109,3,1405.78,1
35,2,2949.75,0
123,6,1555.05,1
7,6,2050.08,0
28,4,1991.01,1
4,8,2041.85,0
3,10,3802.81,0
50,4,1777.78,1
318,2,270.20000000000005,3
22,6,1088.2,1
9,7,992.68,0
2,9,937.92,0
18,2,971.74,1
10,4,1621.73,1
262,1,25.5,3
159,2,665.78,3
33,7,10380.43,2
29,8,869.6800000000001,0
165,1,163.29999999999998,3
47,1,248.61,1
6,10,747.22,0
8,5,806.9,1
288,1,116.2,3
318,1,157.02,3
3,3,593.61,1
233,1,307.46,3
119,1,138.32,1
162,1,345.3,3
185,1,298.89,3
50,1,259.35,1
152,7,991.85,1
335,1,157.09,3
5,5,2463.17,0
16,7,4892.240000000001,0
107,2,425.0,1
16,7,1139.73,0
276,1,380.5,3
16,15,10585.57,2
247,1,465.32,3
239,1,579.0,3
1,2,984.57,1
106,3,749.78,1
23,6,1679.64,0
52,1,124.88,1
195,4,1503.5,3
24,1,213.78,1
75,1,329.34,1
18,2,251.7,1
8,3,306.55,1
32,3,1266.97,1
22,4,1534.73,1
31,6,3518.03,0
29,11,1707.21,0
22,2,293.1,1
33,8,2466.4,0
284,1,158.68,3
39,3,189.49,1
50,4,816.88,1
289,1,224.91,3
75,2,313.26,1
5,9,3755.65,0
218,1,59.9,3
44,5,1430.94,1
202,1,306.13,3
178,3,711.79,3
56,6,780.38,1
57,2,239.92,1
8,8,3286.91,0
47,2,144.0,1
227,1,203.95,3
11,9,2275.58,0
106,2,384.4,1
59,3,249.74,1
28,7,2095.13,0
36,9,1674.46,0
274,2,262.62,3
30,1,1013.01,1
24,3,692.22,1
54,1,342.63,1
36,6,3563.85,0
169,9,1352.91,0
54,1,384.08,1
53,1,204.24,1
27,9,2299.67,0
253,1,226.85,3
40,11,2741.08,0
60,7,984.12,1
234,1,113.5,3
4,10,1960.72,0
32,1,114.23,1
24,14,3198.25,0
7,2,335.13,1
65,1,354.15,1
310,2,426.79,3
309,1,393.49,3
19,6,939.32,1
16,8,1906.09,0
96,2,318.76,1
264,11,3466.67,0
12,14,3127.82,0
3,2,421.52,1
35,1,190.88,1
183,1,149.89,3
25,2,550.0600000000001,1
13,6,916.13,1
11,2,314.69,1
3,17,3744.65,2
313,2,379.9500000000001,3
108,2,1135.04,1
1,30,8628.55,2
53,1,954.9,1
205,1,171.45000000000002,3
15,1,282.19,1
120,1,318.65,1
4,2,384.52,1
363,1,283.28000000000003,3
117,2,353.86,1
18,1,178.26,1
5,2,272.44,1
41,2,298.41,1
107,2,240.0,1
148,2,603.37,3
52,5,1253.36,1
208,1,63.440000000000005,3
139,2,562.9,1
2,3,310.64,1
127,2,317.62,1
108,4,763.64,1
42,5,2144.53,0
35,1,111.98,1
228,2,1065.35,3
241,1,246.04,3
58,1,187.83,1
130,3,1703.41,1
60,7,1641.68,0
22,1,153.92,1
26,7,1064.11,0
9,7,1419.73,0
32,4,936.16,1
4,2,525.24,1
308,1,550.8000000000001,3
8,9,1875.11,0
29,3,556.95,1
17,1,131.78,1
101,2,498.42,1
12,4,669.11,1
21,1,197.63,1
15,6,1119.93,1
361,1,250.04,3
11,21,8600.73,2
95,1,82.75,1
78,2,1384.85,1
139,3,644.3,1
18,2,2288.13,1
25,11,2514.76,0
46,5,2524.02,0
100,3,1200.62,1
8,2,700.86,1
15,9,908.99,0
18,4,990.23,1
280,1,96.8,3
14,2,523.11,1
23,2,363.9,1
124,1,175.2,1
86,1,494.25,1
301,3,306.6,3
151,7,1944.32,0
17,10,6612.18,2
94,2,243.36,1
157,3,781.36,3
355,1,193.64,3
46,1,160.57,1
15,4,537.74,1
4,16,2611.58,0
86,1,228.96,1
15,5,1159.52,1
179,1,110.75,3
8,5,1256.19,1
36,3,587.15,1
129,2,1740.0,1
51,1,1393.06,1
312,1,178.22,3
24,2,388.14,1
303,2,365.85,3
11,1,127.86,1
17,3,585.79,1
49,3,488.2,1
239,2,312.23,3
1,12,4455.73,0
13,8,4801.56,0
238,1,168.4,3
23,9,1349.52,0
73,4,446.18,1
17,3,423.89,1
41,8,1342.68,0
40,4,646.92,1
219,2,495.77,3
190,4,372.5,3
71,2,203.2,1
24,21,3925.92,2
11,1,404.66,1
65,1,65.4,1
4,1,199.29,1
19,2,336.4,1
15,1,261.11,1
8,6,2686.42,0
20,2,784.11,1
78,4,1259.56,1
164,2,508.8,3
307,2,457.91,3
219,1,203.87,3
39,8,7330.8,2
22,2,696.41,1
115,3,653.38,1
126,5,2129.96,0
5,13,2633.85,0
36,1,281.62,1
1,5,967.22,1
330,5,1928.72,3
163,1,32.65,3
185,2,771.85,3
16,5,1214.72,1
12,4,748.94,1
3,7,1258.06,0
44,2,778.0,1
80,1,507.84,1
30,9,6838.34,2
42,2,463.46,1
11,14,4200.97,2
50,3,598.83,1
16,10,1853.13,0
45,4,663.63,1
19,2,759.1700000000001,1
4,7,5022.26,0
72,1,100.8,1
121,4,512.12,1
33,2,265.76,1
313,1,403.3,3
18,2,365.76,1
88,1,303.16,1
2,9,2333.42,0
2,2,216.3,1
247,2,378.3,3
148,5,177.1,1
29,10,2210.26,0
220,1,534.24,3
148,3,2940.04,0
177,2,120.9,3
40,2,541.53,1
2,8,2504.86,0
1,10,1648.95,0
18,2,486.72,1
192,4,517.53,3
204,1,131.7,3
365,1,249.86,3
127,5,1737.7,1
15,1,316.5,1
43,2,657.3,1
79,8,452.63000000000005,1
23,3,757.46,1
51,3,662.94,1
16,6,1881.36,0
158,1,289.96000000000004,3
10,2,763.28,1
10,2,137.0,1
16,6,1843.06,0
45,5,1125.07,1
191,3,710.29,3
79,1,194.37,1
74,2,506.51,1
4,5,1249.34,1
65,3,414.04,1
261,1,396.87,3
59,2,376.64,1
1,11,1926.88,0
1,11,3541.92,0
248,1,374.57,3
8,2,497.56,1
359,1,271.05,3
76,1,272.22,1
290,1,622.88,3
17,3,1138.0,1
221,2,288.6,3
9,4,689.1,1
3,2,558.96,1
206,10,2745.28,0
162,2,1145.84,3
70,2,294.29,1
262,2,605.58,3
281,1,387.31,3
58,11,6100.74,2
25,1,308.48,1
29,11,2920.04,0
72,1,513.2,1
128,1,208.65,1
31,4,639.02,1
15,5,768.08,1
309,1,153.94,3
17,7,1839.07,0
54,1,546.81,1
24,4,721.96,1
2,5,1070.71,1
11,4,652.74,1
361,1,145.0,3
360,1,422.7,3
1,8,706.7,0
54,6,888.86,1
1,11,3540.1,0
1,10,2385.0,0
121,2,293.45,1
54,1,223.36,1
280,1,164.4,3
177,1,76.5,3
30,2,897.62,1
26,1,98.42,1
9,3,570.4,1
270,1,170.75,3
43,3,645.96,1
24,2,148.86,1
197,3,267.16,3
359,1,306.84,3
43,6,909.96,1
130,1,1487.6,1
1,5,1952.45,0
20,2,483.26,1
206,1,157.9,3
14,3,541.46,1
95,4,854.95,1
19,1,167.62,1
14,8,1107.38,0
24,3,454.01,1
8,2,901.21,1
7,10,4012.56,0
332,1,344.14,3
50,4,1498.51,1
71,4,226.75000000000003,1
29,4,362.9,1
243,1,185.65,3
8,22,3457.78,2
191,2,124.74,3
5,4,440.2,1
253,3,215.72,3
1,31,10736.11,2
236,1,175.27,3
7,3,1227.3,1
109,4,1133.07,1
100,3,1240.2,1
60,4,2404.17,0
2,3,1479.22,1
73,8,2215.02,0
4,6,3911.56,0
85,2,993.18,1
12,2,388.79,1
23,7,2827.93,0
214,1,2044.37,3
18,1,161.67000000000002,1
239,1,116.01,3
2,8,5050.77,0
217,2,309.36,3
33,2,193.42,1
41,6,1103.92,1
4,19,3947.87,2
53,10,1992.76,0
23,17,4509.37,2
57,1,390.07,1
130,3,329.6,1
174,3,571.1999999999999,3
6,3,971.58,1
312,1,218.52,3
60,1,81.44,1
21,4,1336.1,1
33,1,527.05,1
15,2,843.48,1
18,4,2047.0,0
81,1,75.75,1
6,9,1784.12,0
170,2,503.6,3
2,3,528.33,1
31,6,1242.34,1
36,9,2361.9700000000003,0
9,2,265.93,1
31,2,547.0600000000001,1
276,1,108.5,3
87,1,621.66,1
120,2,712.29,1
1,17,2768.98,0
219,4,995.66,3
65,1,133.06,1
61,5,1789.55,0
135,2,861.74,1
21,1,166.07999999999998,1
12,14,3886.67,0
25,18,4737.13,2
29,5,1175.88,1
277,1,117.55,3
11,8,2571.74,0
73,5,1674.69,1
11,3,485.88,1
4,14,2954.75,0
141,1,196.0,1
26,9,1788.27,0
19,2,604.64,1
4,2,728.16,1
66,5,2055.51,0
1,2,347.75,1
43,7,3406.7200000000003,0
228,1,205.7,3
16,6,1284.08,1
44,4,3106.62,0
1,7,1622.22,0
74,2,551.04,1
4,7,1383.27,0
264,1,298.11,3
53,2,1992.11,1
24,1,184.4,1
10,7,2459.33,0
44,1,239.41,1
17,7,3191.53,0
7,7,5739.46,0
30,16,4748.45,2
358,2,290.40000000000003,3
127,5,733.44,1
136,3,187.02,1
142,1,283.12,1
132,2,765.34,1
38,14,2201.05,0
236,1,338.95,3
261,1,154.95,3
17,6,2508.89,0
253,1,417.95,3
30,6,1719.72,0
35,3,798.74,1
169,2,885.19,3
3,10,1781.12,0
4,22,10097.37,2
185,2,152.4,3
188,2,267.08,3
170,1,137.45,3
11,2,385.1,1
45,1,522.91,1
321,1,153.0,3
201,1,326.4,3
23,12,5505.79,2
232,1,139.35,3
38,18,5367.8,2
26,4,1195.94,1
96,6,2380.64,0
127,6,3276.4000000000005,0
58,4,995.65,1
16,14,3371.13,0
9,2,1042.55,1
4,5,2515.6800000000003,0
3,15,5288.83,2
79,5,878.2,1
39,2,692.19,1
54,3,700.63,1
9,4,337.49,1
9,2,168.24,1
19,5,1863.35,0
12,8,2786.05,0
113,2,355.11,1
4,7,2291.08,0
235,2,98.8,3
100,2,64.65,1
178,2,674.52,3
5,9,1797.57,0
359,1,80.64,3
1,6,1739.92,0
1,31,5585.49,2
19,8,3456.7,0
17,3,834.99,1
22,2,287.59,1
33,1,712.78,1
263,1,15.0,3
51,2,818.82,1
159,3,371.88,3
15,1,271.2,1
8,3,2273.1800000000003,1
13,12,3960.63,0
199,5,1143.27,3
57,2,245.81,1
11,2,182.77,1
97,5,1215.46,1
255,1,56.4,3
25,3,665.86,1
21,5,642.17,1
159,2,188.02,3
72,2,283.47,1
53,1,131.94,1
85,2,278.74,1
153,4,1865.19,1
74,2,1117.9,1
281,1,225.9,3
27,14,1965.55,0
30,1,106.1,1
25,1,323.04,1
180,2,350.39,3
40,4,697.9,1
22,3,780.43,1
22,11,3026.08,0
37,9,1199.01,0
82,4,1251.84,1
74,1,512.31,1
11,1,546.04,1
16,15,4627.62,2
13,4,732.16,1
14,7,1714.6,0
37,4,36.56,1
4,3,387.68,1
72,8,3661.07,0
51,1,298.4,1
5,5,1995.46,0
9,9,1599.97,0
299,1,889.24,3
2,3,398.7,1
33,1,35.400000000000006,1
50,1,155.37,1
3,3,350.64,1
47,1,110.21,1
42,10,1560.53,0
27,6,2312.7,0
42,1,338.8,1
303,1,205.48,3
107,1,51.56,1
85,1,2033.1,1
81,9,901.2,0
218,4,605.8000000000001,3
302,35,5288.63,2
12,2,114.34,1
185,2,311.26,3
2,6,1393.79,0
6,12,5155.66,2
305,1,148.21,3
3,9,2059.2,0
324,1,330.9,3
59,6,3160.0,0
13,3,597.5,1
31,27,10158.54,2
143,2,325.7,1
30,8,622.75,1
107,5,428.18,1
2,13,1889.4,0
205,1,155.9,3
80,6,1764.36,0
185,7,658.26,3
170,1,237.61,3
44,1,379.45,1
174,1,178.52,3
365,1,458.92,3
304,1,133.35,3
3,4,671.77,1
4,4,717.45,1
12,1,190.19,1
32,3,899.61,1
129,1,111.35,1
19,10,525.78,0
212,2,203.87,3
323,2,602.09,3
162,1,203.86,3
56,3,244.1,1
225,1,112.25,3
72,8,1119.81,0
44,1,98.0,1
23,1,256.32,1
173,4,541.1,3
85,2,152.06,1
159,1,155.8,3
165,4,15.0,3
29,1,110.38,1
21,2,178.92000000000002,1
71,4,800.24,1
247,1,72.9,3
9,1,366.23,1
310,6,295.61,3
59,2,411.6,1
4,1,336.43,1
45,3,341.28,1
88,1,1304.04,1
4,17,4204.1,2
64,4,826.52,1
282,1,207.50000000000003,3
1,13,2894.33,0
133,2,397.29,1
45,2,212.54,1
11,5,834.5,1
36,5,1740.48,0
134,2,408.36,1
29,3,1331.57,1
52,2,704.25,1
138,2,145.79,1
5,1,389.84,1
9,7,4301.22,0
160,1,99.14,3
49,14,1983.58,0
131,1,304.56,1
8,1,77.50000000000001,1
233,2,149.57999999999998,3
37,1,176.68,1
147,1,358.56000000000006,3
72,4,472.12,1
40,4,990.84,1
5,16,2295.37,0
199,4,557.3,3
249,1,12.75,3
66,1,111.68,1
117,1,508.46,1
171,1,73.78,3
142,1,102.83,1
32,2,471.7,1
38,14,2622.57,0
38,5,1098.43,1
166,2,228.2,3
211,1,582.59,3
242,1,136.04,3
52,1,337.04,1
25,3,740.79,1
15,14,4393.61,2
29,1,288.14,1
365,1,300.92,3
36,5,737.81,1
166,3,811.45,3
145,1,152.68,3
22,1,634.95,1
56,1,20.8,1
185,1,198.57,3
12,8,191.17,1
237,3,630.84,3
225,2,93.35,3
122,6,629.6899999999999,1
282,1,76.1,3
74,12,1511.3,0
37,2,382.06,1
12,2,417.23,1
362,1,169.47,3
4,2,249.72,1
23,1,444.68,1
70,9,2116.19,0
235,2,252.24,3
257,1,174.8,3
155,2,187.29,3
28,1,166.42,1
4,1,120.03,1
32,5,1483.56,1
81,3,523.0,1
108,2,122.14,1
52,1,38.45,1
36,1,668.11,1
153,3,236.78,3
99,1,115.31,1
4,3,220.7,1
334,1,73.5,3
65,1,97.97,1
22,2,422.88,1
36,3,730.4,1
32,3,405.62,1
154,6,70.02,3
19,2,357.20000000000005,1
12,22,4161.14,2
54,1,165.04999999999998,1
25,3,559.51,1
4,11,2085.65,0
45,1,189.4,1
203,2,172.29000000000002,3
359,1,74.4,3
66,2,297.07,1
7,11,6752.14,2
288,1,363.65,3
10,1,170.16,1
9,4,296.71,1
22,10,2119.41,0
173,3,720.52,3
133,2,814.0,1
6,15,2380.08,0
75,1,318.0,1
40,1,396.33,1
289,1,101.7,3
26,7,2021.82,0
258,2,453.0,3
114,13,3864.44,0
23,14,2538.7200000000003,0
8,11,2633.01,0
217,2,336.13,3
45,4,3651.97,0
19,2,1231.5,1
36,3,343.45,1
26,1,703.37,1
16,2,87.53,1
330,2,689.95,3
274,1,101.34,3
98,4,3770.12,0
61,1,167.67000000000002,1
2,12,9065.76,2
93,5,2083.42,0
82,7,3017.3,0
313,2,580.05,3
12,3,911.15,1
8,7,2692.85,0
127,1,168.31,1
11,2,223.65,1
37,1,754.64,1
38,1,113.48000000000002,1
330,1,430.7,3
249,2,264.65,3
2,31,7925.32,2
19,2,206.05,1
12,2,352.69,1
290,1,220.1,3
68,8,1418.03,0
26,1,320.72,1
11,31,5595.77,2
214,1,111.15,3
149,2,673.1,3
8,6,1826.21,0
24,2,589.4399999999999,1
30,5,1141.34,1
61,1,206.83,1
19,3,348.73,1
243,1,112.55,3
9,4,1045.74,1
29,5,681.91,1
63,4,761.83,1
295,1,152.65,3
17,8,8393.22,2
151,4,1014.9,1
117,2,1000.16,1
8,12,2888.75,0
13,4,2861.55,0
141,2,160.35,1
46,2,179.34,1
51,3,612.0799999999999,1
32,3,566.58,1
135,2,653.35,1
3,2,399.19,1
75,4,347.82,1
13,2,734.94,1
9,3,451.75,1
301,1,530.15,3
57,2,638.0600000000001,1
10,6,1612.79,0
31,2,394.7,1
177,1,302.46,3
4,6,1355.51,0
176,9,1133.64,3
61,1,202.65,1
33,3,980.31,1
59,7,1208.51,0
15,25,7490.17,2
87,4,2106.84,1
7,1,104.0,1
354,2,448.65,3
31,7,1314.17,0
114,6,1573.41,1
9,6,1793.17,0
5,6,1843.75,0
24,1,382.8,1
218,6,600.52,3
15,1,49.8,1
249,1,304.25,3
15,4,1998.49,0
78,3,1084.34,1
192,3,274.51,3
262,1,207.8,3
72,1,957.97,1
151,3,212.96,3
64,2,896.0,1
95,2,689.13,1
4,21,5083.06,2
106,1,163.8,1
200,3,1396.99,3
157,1,160.42000000000002,3
71,4,1979.3,1
36,2,517.36,1
29,1,139.10000000000002,1
2,6,2621.38,0
26,5,600.07,1
326,1,248.42,3
237,1,232.48,3
89,1,299.34000000000003,1
31,1,481.75,1
29,2,621.75,1
206,4,626.38,3
3,11,2019.77,0
220,2,297.78,3
22,6,1033.31,1
93,1,443.0,1
2,27,6315.2300000000005,2
264,1,158.95000000000002,3
3,17,5361.02,2
39,14,5192.1,2
218,1,93.75,3
50,3,769.2,1
12,20,7276.9,2
9,10,2716.6,0
192,6,2066.17,3
82,5,582.47,1
326,1,440.0,3
72,3,1796.48,1
30,6,882.24,1
3,5,987.1,1
219,5,1561.61,3
46,1,422.58,1
10,18,2058.09,0
72,4,2232.49,0
7,8,2507.56,0
24,2,596.1,1
114,4,783.02,1
17,1,95.34,1
301,2,342.92,3
87,1,4314.72,0
51,2,526.67,1
89,1,103.3,1
39,12,2265.38,0
25,3,2338.6,1
173,8,2595.0,0
43,2,324.24,1
140,1,149.48,1
23,4,1211.08,1
72,2,801.51,1
358,2,138.9,3
38,3,238.95,1
3,7,3064.78,0
2,3,204.0,1
21,3,323.36,1
58,2,97.63,1
74,1,173.9,1
278,1,180.6,3
181,1,80.82,3
8,3,176.6,1
4,16,2094.88,0
43,3,1837.28,1
